FROM,TO,Heavy_Trucks,Light_Trucks,Medium_Trucks
Alexandria,Alexandria,447.904441733255,5666.77692036907,3455.43808900074
Alexandria,Arlington,89.5663248172377,2173.23376523714,783.415537607826
Alexandria,Calvert,5.11020771209666,4.23656266286307,20.0487426351876
Alexandria,Carroll,4.70917559738545,2.70446603188594,5.18116342280298
Alexandria,Charles,4.45678542729273,39.9513407916199,39.7790431363615
Alexandria,Clarke,0.300925070017699,0.191437218144585,0.7060521915555
Alexandria,Fairfax,404.113143593137,3762.20480744988,1422.01910537957
Alexandria,Fauquier,2.0806801018824,1.45373955551728,7.12882500141859
Alexandria,Frederick,13.036103923436,18.3421381912182,20.9268989160086
Alexandria,Fredericksburg,4.39354203783506,4.39891419483309,5.32560772448778
Alexandria,Howard,17.8233436112114,31.9968454440741,27.3135556461718
Alexandria,Jefferson,0.0205495957264823,0.199115941871104,2.23364567011595
Alexandria,Loudoun,9.89729777770367,242.354007581766,109.345168434083
Alexandria,Manassas,1.13002853593389,0.517508876148021,19.179277613759
Alexandria,Montgomery,17.4009929950561,214.081342959941,123.987640677766
Alexandria,Spotsylvania,16.7814703541427,6.30333196252477,15.9542133063078
Alexandria,Stafford,29.3188995869206,23.4994575929871,21.3574333898723
Alexandria,PrinceGeorges,222.710066678144,1135.54330733584,453.256463848383
Alexandria,AnneArundel,30.4602806070142,57.646607205099,83.026357309709
Alexandria,PrinceWilliam,54.7350526878502,198.839038880023,140.531679812819
Alexandria,St.Marys,0.275764141285989,19.3100604845605,8.79014773666859
Alexandria,DistrictofColumbia,40.4736834378325,711.512284078136,420.38710549459
Alexandria,ManassasPark,0.1939844806472,4.92587190661262,6.05526737123728
Alexandria,KingGeorge,16.9005601357649,0.868592916998234,5.50820842428793
Alexandria,FallsChurch,5.57902555758996,38.4815971480327,15.8761832833001
Alexandria,FairfaxCity,118.024941750198,28.4481983281733,25.9449528381228
Arlington,Alexandria,106.231344668029,2291.06186920639,805.276001838887
Arlington,Arlington,813.374801345847,14252.3747642665,8014.92310558102
Arlington,Calvert,0.248171964644966,36.6058617004848,21.9803218729794
Arlington,Carroll,3.14873365886154,5.57608261389926,8.85716331219512
Arlington,Charles,0.39500715312716,110.493450406129,40.4271479845047
Arlington,Clarke,0.317980976201902,0.151361528446108,2.9668992459774
Arlington,Fairfax,223.89948273796,4161.07158643379,1448.16136096204
Arlington,Fauquier,1.05897091160819,2.81699121157315,12.7135893069208
Arlington,Frederick,45.2585415733913,25.6621804215422,32.2939979549185
Arlington,Fredericksburg,1.30930818488018,13.1260460259601,4.3297475874424
Arlington,Howard,6.6035624007919,70.0157592693153,52.4554698812424
Arlington,Jefferson,0.0284245095491505,0.343443847222544,5.14479443043984
Arlington,Loudoun,12.6465941017823,675.248207504187,243.161028582603
Arlington,Manassas,0.330269462610438,15.6757021879722,36.1675592251122
Arlington,Montgomery,16.353481209546,733.111784277627,237.991351641949
Arlington,Spotsylvania,0.632890615121741,9.08504290413831,24.317815054208
Arlington,Stafford,29.4289271161921,39.0401596142213,27.3378925658762
Arlington,PrinceGeorges,18.3015963190147,1431.6068988676,486.546161647612
Arlington,AnneArundel,3.81788957300346,200.777981815696,86.3133298862387
Arlington,PrinceWilliam,21.4248820014261,346.438652132976,189.995829138036
Arlington,St.Marys,0.151367346049835,9.37354451180508,20.7886566184461
Arlington,DistrictofColumbia,95.0464689392484,2776.16622113418,2192.75212495031
Arlington,ManassasPark,0.0989950808438096,9.33529822373216,11.401835642755
Arlington,KingGeorge,0.0454015093352932,1.01358634826007,3.71275226399303
Arlington,FallsChurch,18.0377848259532,134.97393002798,76.972524206922
Arlington,FairfaxCity,5.52461269991162,138.624642713605,51.8499435234437
Calvert,Alexandria,1.35424466863653,2.82600327347648,17.2750710643737
Calvert,Arlington,0.205973432840302,23.1819947509922,21.9860295047044
Calvert,Calvert,371.77595656674,1678.95015721924,4039.97619533068
Calvert,Carroll,0.769012057556797,1.9352717345364,1.53478690981865
Calvert,Charles,87.0912916230591,197.428420584472,358.081528102209
Calvert,Clarke,0.00921261901518528,0.0349111804278561,0.175418213009834
Calvert,Fairfax,8.75655802612311,13.4934053856918,50.6725429865125
Calvert,Fauquier,0.372194961858984,0.768071043253331,0.469346024096012
Calvert,Frederick,6.98423932637475,3.0415211698317,16.5449877836777
Calvert,Fredericksburg,0.0489865053940297,2.05448804128701,0.666820983855555
Calvert,Howard,9.03472699424856,3.99434077618955,28.1087929896508
Calvert,Jefferson,0.0332935264370936,0.223254873346707,0
Calvert,Loudoun,0.832388128868092,2.23699346569272,15.5261657312512
Calvert,Manassas,0.326532345037776,0.250827235198422,0.945094734430313
Calvert,Montgomery,31.299722258259,23.8711105178381,101.406435845828
Calvert,Spotsylvania,1.64896986304277,5.01428348362494,2.76151864550269
Calvert,Stafford,3.1567592613049,5.64508671564249,1.29400996863842
Calvert,PrinceGeorges,50.9188923721287,476.380613286604,469.440403618874
Calvert,AnneArundel,50.9568073850183,193.56471479063,303.734583586346
Calvert,PrinceWilliam,1.98979387277648,4.66398511255917,8.06015795469284
Calvert,St.Marys,89.956617429267,364.6904298576,590.666345599033
Calvert,DistrictofColumbia,5.18306465955448,87.0696618501748,159.876287017018
Calvert,ManassasPark,0.00687521509449061,0.13636981427005,0.234588764607906
Calvert,KingGeorge,12.9533177844684,3.65859653676615,10.5040995999179
Calvert,FallsChurch,0.00790572513153435,0.138282892974031,1.39204891771078
Calvert,FairfaxCity,7.49611623774851,0.378586335612293,1.07407200336456
Carroll,Alexandria,4.77669810229233,2.57954817148136,5.21593512354855
Carroll,Arlington,3.17825394261307,5.33367303344918,8.84380942583084
Carroll,Calvert,0.365521230090717,1.56514258616572,1.53768124431372
Carroll,Carroll,1500.51618514813,1178.2191856568,7483.88005457585
Carroll,Charles,1.72437486452722,3.02969973843677,6.86533690989018
Carroll,Clarke,3.27877147726417,0.334113218730358,0.691822128428258
Carroll,Fairfax,32.8564516304958,22.9148035928944,38.1127173092133
Carroll,Fauquier,2.66262557046085,3.26163021276312,0.305639512836933
Carroll,Frederick,437.447480636788,268.031518398503,980.561053336912
Carroll,Fredericksburg,0.0432068484326082,0.291452022077522,0.156907118856907
Carroll,Howard,62.697909663011,142.661492751124,856.281093054487
Carroll,Jefferson,0.827926135704577,1.77647794471932,0
Carroll,Loudoun,13.9114725322771,28.0730978465805,26.8455179950332
Carroll,Manassas,0.403024142410708,0.386445837234089,0.465069830417633
Carroll,Montgomery,48.8221278290466,157.674588705493,319.501042868108
Carroll,Spotsylvania,8.49636084038979,0.932685916140381,1.18419595807791
Carroll,Stafford,5.83375104824821,1.67449619018205,0.592510297894478
Carroll,PrinceGeorges,37.6052009831254,94.0780234570985,133.267574087735
Carroll,AnneArundel,17.9905689836346,44.1210994355857,147.859128583272
Carroll,PrinceWilliam,25.2534335981488,9.99961167004412,5.07654663920403
Carroll,St.Marys,2.44591014820047,1.5581680540252,3.10807358473539
Carroll,DistrictofColumbia,21.0260246158898,31.9623737632324,61.6987876322588
Carroll,ManassasPark,0.343082570024108,0.18208739148035,0.57173627614975
Carroll,KingGeorge,0.596263731098166,0.557201120248913,0
Carroll,FallsChurch,0.546432185766031,0.362103710864016,1.66630448400974
Carroll,FairfaxCity,0.777440482037631,0.623379594650011,0.77435377985239
Charles,Alexandria,3.9671538302251,24.1318317805686,40.1656197787037
Charles,Arlington,0.367732536750135,46.7138197656233,40.418656717075
Charles,Calvert,84.3563731545329,212.181378201885,370.833859589681
Charles,Carroll,2.50998170655068,2.70652051879199,6.96847362814304
Charles,Charles,707.459236487405,5416.25091295236,6795.73876200974
Charles,Clarke,0.204975988710679,0.234217516794477,0.0997925698757172
Charles,Fairfax,23.0305685406891,105.206548696991,123.362504219811
Charles,Fauquier,1.02414910304803,1.92538569155992,2.0019518956542
Charles,Frederick,56.4880959449344,3.74135917283671,17.530712165454
Charles,Fredericksburg,3.31086116258452,6.16066110323197,1.57200552895665
Charles,Howard,30.5293044926572,37.0825781808867,41.3037422282746
Charles,Jefferson,0.0324770279194165,0.239880608440884,0.439134731888771
Charles,Loudoun,3.13878432630394,12.8313376181985,33.5217801518738
Charles,Manassas,0.362471217042184,3.93166309737666,2.59384740144014
Charles,Montgomery,15.2722306288821,85.3770536348361,123.980731391828
Charles,Spotsylvania,1.72544939465306,14.8418342157276,15.5833345279098
Charles,Stafford,11.6110456290568,15.7164770198452,9.29571137949824
Charles,PrinceGeorges,202.310920369365,1331.24029528393,1445.15484392039
Charles,AnneArundel,35.5303767100434,101.07356622701,168.548244825587
Charles,PrinceWilliam,13.7045934158412,10.3810741325973,29.1747808493674
Charles,St.Marys,85.7746309658331,211.49071604372,517.940713300403
Charles,DistrictofColumbia,3.63032471274561,254.460515680892,205.552788691228
Charles,ManassasPark,0.00969719550220622,0.25562652124831,1.49123455584049
Charles,KingGeorge,26.2623021601071,24.2287131032579,59.2709249539692
Charles,FallsChurch,0.0343383918864701,0.36860312743235,1.48431102931499
Charles,FairfaxCity,17.4893933067836,0.650616347872434,2.84410745278001
Clarke,Alexandria,0.302301279044084,0.0694415780228426,0.70710239559412
Clarke,Arlington,0.318773807569649,0.122596006170467,2.97108341753483
Clarke,Calvert,0.00923644242972774,0.0233967497635054,0.175635278224945
Clarke,Carroll,4.35316707205562,0.408496142308889,0.772654815114122
Clarke,Charles,0.20710880552952,0.0623441835130373,0.0999712869524956
Clarke,Clarke,37.5882490545532,1.5190047600179,153.137581259194
Clarke,Fairfax,3.46205695973729,17.49214707845,21.2477383325518
Clarke,Fauquier,2.32310193697,0.296957740138555,27.3913688044155
Clarke,Frederick,2.12162085106528,0.924395685514299,7.58148130880994
Clarke,Fredericksburg,0.00823812811571404,0.0736197993303856,0.246454836836168
Clarke,Howard,1.58770311716238,0.374590082954337,0.290953850606514
Clarke,Jefferson,3.59199307241761,0.0130965297564901,52.3683276571893
Clarke,Loudoun,14.7099996880987,140.845381546006,139.933886627141
Clarke,Manassas,0.00449068238950597,0.0383441015192302,1.19438347809882
Clarke,Montgomery,0.761600065983912,2.16645672721132,15.0183767697632
Clarke,Spotsylvania,0.0367089500687298,0.263095669594809,0.30327832698822
Clarke,Stafford,1.41861287987755,0.941948533556676,1.62724887570447
Clarke,PrinceGeorges,0.922514572149341,0.575293235825443,1.68656939268112
Clarke,AnneArundel,0.379570980116743,0.314476904076347,1.45443826602223
Clarke,PrinceWilliam,1.4560159176699,0.857180974689854,17.8682901178747
Clarke,St.Marys,0.0138872071203416,0.0386993453983037,0.120156556367874
Clarke,DistrictofColumbia,0.0776009089223956,0.305865706890311,2.90821819007397
Clarke,ManassasPark,0.000896695575402092,0.0110732115276808,1.26692251861095
Clarke,KingGeorge,0.0046953740117015,0.0485596564272401,0.110181428492069
Clarke,FallsChurch,0.0028034983834241,0.011378703235232,0.126059874892235
Clarke,FairfaxCity,1.4555817422894,0.0295913026403104,0.20819366723299
Fairfax,Alexandria,364.98391051258,4088.28993738927,1352.56152052121
Fairfax,Arlington,171.885937589758,3796.26091606864,1330.91286945248
Fairfax,Calvert,29.8543930689231,18.1148849120206,55.5538881288878
Fairfax,Carroll,35.0992359875726,23.4561209901076,39.9741450761361
Fairfax,Charles,29.2859536923985,84.4410667709256,123.337439833463
Fairfax,Clarke,2.8408943090922,17.2621277997067,20.1315098019942
Fairfax,Fairfax,4846.3945502982,71029.9631335002,31920.8736669539
Fairfax,Fauquier,24.5880803983835,102.18057662399,170.950766630516
Fairfax,Frederick,263.754495972561,142.800587120371,158.006696902497
Fairfax,Fredericksburg,25.1911023262253,68.60156434689,23.6441995017231
Fairfax,Howard,95.0047400468736,129.701497812527,170.197251785814
Fairfax,Jefferson,0.47269972669356,24.9701721177735,33.19055936113
Fairfax,Loudoun,552.615458218455,6837.0068263867,3079.87158876783
Fairfax,Manassas,52.7452955193822,261.295474135752,294.062970212309
Fairfax,Montgomery,140.304923479902,953.042745849368,845.225789563129
Fairfax,Spotsylvania,39.1858894308409,35.3887222540346,128.752208929509
Fairfax,Stafford,184.430444639622,289.853198298519,196.858491815627
Fairfax,PrinceGeorges,3816.32989897971,1873.47560500878,1370.64119778865
Fairfax,AnneArundel,135.105567994317,299.917804978339,279.773984140897
Fairfax,PrinceWilliam,981.632930525242,3941.34471452382,1899.72421881647
Fairfax,St.Marys,4.03585502682197,12.9559622676254,34.6532950624824
Fairfax,DistrictofColumbia,132.387201586592,2095.24760296451,1070.96685902932
Fairfax,ManassasPark,10.049634800434,263.685940507438,123.164608384502
Fairfax,KingGeorge,7.35548383072522,4.81378558008367,35.8568398393691
Fairfax,FallsChurch,82.7455934535062,647.905534264481,320.48633562291
Fairfax,FairfaxCity,422.877512944932,2263.52620236306,801.392078291525
Fauquier,Alexandria,2.46670140948324,1.75304169583021,7.13078795745969
Fauquier,Arlington,1.03077722339655,2.44323917934788,12.7169465012848
Fauquier,Calvert,0.395417921109419,0.801530952068851,0.469672061502934
Fauquier,Carroll,3.11046843750566,3.78544982981276,0.305199392139912
Fauquier,Charles,1.17334880165754,1.89832238089308,2.00304409116507
Fauquier,Clarke,17.2689495026211,0.193266838908238,27.5119407031848
Fauquier,Fairfax,39.642608857867,100.378782285027,171.634395016686
Fauquier,Fauquier,346.223050865491,327.763109218875,2100.39378496482
Fauquier,Frederick,24.3923220003595,13.466571171459,3.20199118554592
Fauquier,Fredericksburg,5.30426185002192,36.0230125831704,10.4566945377803
Fauquier,Howard,17.3795613648131,1.55095365533844,4.39476159214973
Fauquier,Jefferson,0.162378304928673,0.423845268431035,9.03858529965586
Fauquier,Loudoun,57.7335620204171,121.068341795334,230.945468094115
Fauquier,Manassas,8.48153492455596,15.9462101668149,68.1279512779803
Fauquier,Montgomery,2.8511439007349,9.64460290665232,18.8788675442338
Fauquier,Spotsylvania,31.017195799329,28.4786754491905,49.7511397493416
Fauquier,Stafford,262.005910800391,76.0057055368285,153.557472574377
Fauquier,PrinceGeorges,4.78370155703447,11.5199141170864,20.8101851418614
Fauquier,AnneArundel,3.97251065340207,5.2715573382212,7.62505190819502
Fauquier,PrinceWilliam,204.552299391541,813.704790759339,520.557035813611
Fauquier,St.Marys,0.253074033399379,2.10472293215205,1.74008642137051
Fauquier,DistrictofColumbia,3.41271431561929,5.4523650760199,25.7730299346149
Fauquier,ManassasPark,1.51151081367391,0.152050792658652,19.71072172001
Fauquier,KingGeorge,1.9730835175882,1.06423311987917,15.741746596992
Fauquier,FallsChurch,0.20277230223776,0.169115400622543,2.0865965411067
Fauquier,FairfaxCity,7.43727236568341,0.441605216662317,8.22895607724786
Frederick,Alexandria,12.670407857146,19.9425599167681,19.276493175147
Frederick,Arlington,38.9397939183849,27.5699922791726,29.9662480182972
Frederick,Calvert,2.39015391472293,2.23409503425588,9.99987834076219
Frederick,Carroll,431.524510727365,238.185600879534,1048.39093447076
Frederick,Charles,28.0464029407315,3.90830518022791,10.7870846614242
Frederick,Clarke,2.13820263670185,0.728189989622135,8.57013224430448
Frederick,Fairfax,236.124356614197,131.141026637881,145.050650387728
Frederick,Fauquier,26.8369107903663,12.1013315696407,3.20397170633078
Frederick,Frederick,4837.32927756763,7286.25062187812,23140.3976917433
Frederick,Fredericksburg,11.6795809136008,0.563926242395273,2.95658906921744
Frederick,Howard,294.531512104543,167.106816181062,768.224584242094
Frederick,Jefferson,32.900414570314,5.35300641588365,70.993459974114
Frederick,Loudoun,229.90886798374,290.944885158179,246.645681440012
Frederick,Manassas,8.08233263381715,1.69836542404942,4.79296696931124
Frederick,Montgomery,675.400911807565,895.30583219119,3406.90146138387
Frederick,Spotsylvania,47.5249994814623,4.87217818523807,3.76746172457933
Frederick,Stafford,52.4472935592034,4.15170419595623,4.74476949870586
Frederick,PrinceGeorges,681.954916173042,101.751435750793,695.017658932478
Frederick,AnneArundel,121.530311626354,76.5184547502379,209.203600127662
Frederick,PrinceWilliam,171.937666624281,37.9023890376236,39.5415590079953
Frederick,St.Marys,5.28312130105551,2.19337674462563,4.30995795875788
Frederick,DistrictofColumbia,100.811579205841,66.0027063056246,229.578283293479
Frederick,ManassasPark,3.17104253374972,0.755834644962158,3.49773489683867
Frederick,KingGeorge,0.0911449563515043,0.537015606995741,1.07725828886032
Frederick,FallsChurch,0.618233840191502,0.483143167308335,1.49105618149042
Frederick,FairfaxCity,14.6798223121201,1.0369499731813,10.3052688335725
Fredericksburg,Alexandria,5.5792686424904,4.72549953860617,5.32647101581097
Fredericksburg,Arlington,1.15213320028895,12.2447286471973,4.33046881109476
Fredericksburg,Calvert,0.0854493328822526,2.29694703414333,0.690326630171133
Fredericksburg,Carroll,0.061311874342141,0.332381393035052,0.15645781904459
Fredericksburg,Charles,3.29275714788396,6.34557116579015,1.57273931801319
Fredericksburg,Clarke,0.00862271223613442,0.0858025640738174,0.218808270925394
Fredericksburg,Fairfax,37.1081373056651,63.7795046462507,23.6461329571903
Fredericksburg,Fauquier,4.73582949987311,36.0406195931651,10.5031333092524
Fredericksburg,Frederick,27.5085726120066,0.531009716140652,2.95427733287215
Fredericksburg,Fredericksburg,220.459056741364,1594.75644898808,482.87859624903
Fredericksburg,Howard,5.8982868518854,0.377277966676382,1.49346026033163
Fredericksburg,Jefferson,0.0118196656900575,0.0995966553462783,0.14076968766941
Fredericksburg,Loudoun,5.19786517061869,2.81056960519292,7.71377869695425
Fredericksburg,Manassas,0.860812638720235,0.105056819830718,5.1814878359437
Fredericksburg,Montgomery,7.84816246918418,9.26505662464671,5.35306417196989
Fredericksburg,Spotsylvania,175.014319745613,987.96085108953,357.214919529914
Fredericksburg,Stafford,356.973493743243,743.942430250643,289.541573941413
Fredericksburg,PrinceGeorges,10.1924989528543,5.44723378561363,8.88962386548519
Fredericksburg,AnneArundel,1.26722448264297,0.535071214132518,2.97919723391533
Fredericksburg,PrinceWilliam,57.6291663980986,88.7149565363979,39.1955594740346
Fredericksburg,St.Marys,0.778916738947327,3.17420104709086,1.02978138103803
Fredericksburg,DistrictofColumbia,0.973068867050063,39.1636750063221,8.02729623019695
Fredericksburg,ManassasPark,0.00398148625321054,0.0438704256013442,0.729696780443192
Fredericksburg,KingGeorge,96.1063069744972,53.0183551579427,25.6941481815045
Fredericksburg,FallsChurch,0.00945525332942462,0.0514104430990577,0.231872715055943
Fredericksburg,FairfaxCity,0.0356019595731893,4.84855115773676,0.392045728862286
Howard,Alexandria,17.3272116983681,33.9366203774065,26.8233968725585
Howard,Arlington,8.64083569763674,87.3670511852969,50.9426757500222
Howard,Calvert,8.23817806073847,3.99869786922975,27.5732660561916
Howard,Carroll,56.0927300933638,134.17570859531,762.456253064193
Howard,Charles,16.1101565514501,40.1074188238823,41.1764615545831
Howard,Clarke,1.57720740901036,0.373452598001787,0.308863597006042
Howard,Fairfax,83.3234533165737,119.550363160513,161.022077337713
Howard,Fauquier,13.3464264952093,1.62534317618262,4.39439411461353
Howard,Frederick,268.219044948284,113.491570318843,375.627078047805
Howard,Fredericksburg,9.60736723926876,0.361942809254691,1.49345134198666
Howard,Howard,2829.21226743036,10137.5876826675,13471.6977578129
Howard,Jefferson,0.139151035700553,2.21549683219659,1.3824266896268
Howard,Loudoun,60.0456590281958,66.7213076888721,97.3538791380042
Howard,Manassas,10.7771593873085,0.397032138026023,4.86511352658272
Howard,Montgomery,405.493048110926,1411.18311291717,1681.82399855314
Howard,Spotsylvania,9.584873677844,1.43026092709367,11.2267037257552
Howard,Stafford,25.3697233670504,6.67282516852611,9.7906381636858
Howard,PrinceGeorges,508.327385922504,1515.97063782803,1442.8677651986
Howard,AnneArundel,715.741066333816,2094.15604528283,2066.84202510544
Howard,PrinceWilliam,49.9999738775339,10.7347907757612,42.2112279310822
Howard,St.Marys,7.04772409698854,4.72851261785659,11.0515853057801
Howard,DistrictofColumbia,109.749788111804,287.300736949136,297.370005065419
Howard,ManassasPark,0.655408523262957,3.51341989164776,2.03184795379639
Howard,KingGeorge,13.157722008112,1.39217203983231,3.92858079075813
Howard,FallsChurch,1.13606052437218,0.380316723343355,2.59689754992723
Howard,FairfaxCity,5.34635028764078,12.0189440132468,4.92752753198147
Jefferson,Alexandria,0.020078211401237,0.269788002790068,2.24174659699202
Jefferson,Arlington,0.0301656072657346,0.453109681601494,5.68300839878021
Jefferson,Calvert,0.019436792662111,0.186496034579107,0
Jefferson,Carroll,1.41820011915353,2.00599450059351,0
Jefferson,Charles,0.025313109769329,0.217310295333094,0.440860360860825
Jefferson,Clarke,3.60283186504539,0.0124230061206089,52.0284794506067
Jefferson,Fairfax,0.815628887922773,24.0881703779873,33.3136522136629
Jefferson,Fauquier,0.176088140730909,0.530541812640481,8.62488445625206
Jefferson,Frederick,38.6417119585359,6.69888784921001,76.6825086121282
Jefferson,Fredericksburg,0.0102626348526804,0.294310706007162,0.114712524761761
Jefferson,Howard,0.144743630920993,1.68750658723588,1.56652949103623
Jefferson,Jefferson,54.267876807149,33.4879197316022,2798.1863339535
Jefferson,Loudoun,34.2224554088839,123.370079924962,152.939666958672
Jefferson,Manassas,0.0721952372785426,0.1883062141624,0.889730475842953
Jefferson,Montgomery,2.06421458096442,11.8893235182536,32.6914573662022
Jefferson,Spotsylvania,0.128181332062171,0.920686994107831,0.432762485752301
Jefferson,Stafford,1.79262724682913,2.02935986855477,1.14123994908529
Jefferson,PrinceGeorges,2.58541582417067,5.50408304275639,17.3986758737835
Jefferson,AnneArundel,0.132891231413754,1.80005823112957,0
Jefferson,PrinceWilliam,1.91691161829015,3.94995805280941,11.2332242242992
Jefferson,St.Marys,0.0207580417078958,0.192475245577822,0
Jefferson,DistrictofColumbia,0.838416083639712,3.69425941748525,16.1258479909402
Jefferson,ManassasPark,0.00434068538224302,0.0499719334089429,0
Jefferson,KingGeorge,0.0065618086132152,0.177471138257037,0
Jefferson,FallsChurch,0.00489387443644157,0.0396505310483243,1.51412978768349
Jefferson,FairfaxCity,0.00511449711024301,0.111212881715078,1.46032957732677
Loudoun,Alexandria,9.9744053855679,242.360454522817,112.699292642487
Loudoun,Arlington,12.1634273318767,672.220535018972,243.229669630528
Loudoun,Calvert,0.845451054619135,3.26096410706927,15.5377878434956
Loudoun,Carroll,17.636812034691,29.2855247193323,26.9060274931189
Loudoun,Charles,2.93370331982784,13.9485458237753,33.5414505377412
Loudoun,Clarke,17.483461300021,151.930646582985,144.356389889722
Loudoun,Fairfax,571.490477638625,7523.4717733876,3239.98912955405
Loudoun,Fauquier,53.7233796097802,121.812680523033,231.06772840517
Loudoun,Frederick,237.670825525725,249.238442816678,222.084268760393
Loudoun,Fredericksburg,6.21086815743375,3.42484071020306,7.71489209681749
Loudoun,Howard,103.510861179433,73.8900657640038,108.037786588421
Loudoun,Jefferson,30.6418235357628,88.473472576757,156.675453513183
Loudoun,Loudoun,3960.45474420247,22902.8690976284,19289.8942604906
Loudoun,Manassas,30.3346644639257,45.3119060464646,148.379374959161
Loudoun,Montgomery,61.4466061351947,948.590946204648,346.347305894386
Loudoun,Spotsylvania,10.8482739762154,14.6100539714122,26.2292364251698
Loudoun,Stafford,36.4947309529065,94.6667278707639,49.356168864315
Loudoun,PrinceGeorges,99.7192046305317,740.695258556448,274.922429539167
Loudoun,AnneArundel,43.7641323796995,59.3121886827842,80.1042380048237
Loudoun,PrinceWilliam,593.498827662113,1237.90482484982,995.787848150273
Loudoun,St.Marys,1.16757172906792,3.33400146813605,9.29851499944925
Loudoun,DistrictofColumbia,44.7522477617907,822.891569532732,369.162553516772
Loudoun,ManassasPark,5.5781441887252,79.2651550382493,49.8021730035543
Loudoun,KingGeorge,4.7328864422998,2.08370248196065,12.1905453577638
Loudoun,FallsChurch,1.30480946949751,15.1829371790992,18.6896727076089
Loudoun,FairfaxCity,27.370758767497,200.972419190417,81.0349389091134
Manassas,Alexandria,1.13093546110957,0.558153420672795,19.1824678480625
Manassas,Arlington,0.3004371483755,11.5336303884978,36.1733352839947
Manassas,Calvert,0.329944662266448,0.333396320850311,0.945588789880276
Manassas,Carroll,0.398029476785485,0.479261819321851,0.464451365172863
Manassas,Charles,0.364444814600219,7.53804212756131,2.59498938173056
Manassas,Clarke,0.00847288108565603,0.0641649773363984,1.18211991774906
Manassas,Fairfax,37.1328561572459,234.160342042947,293.699561999003
Manassas,Fauquier,8.12251569004121,17.7814860849416,71.5144726839344
Manassas,Frederick,6.39367988957607,2.10541239394703,4.78960796445608
Manassas,Fredericksburg,0.848376022853651,0.114277606915104,5.18157368898392
Manassas,Howard,8.85072611440178,0.440244883563716,4.86504147946835
Manassas,Jefferson,0.041392847290192,0.234678990122066,0.886225059628487
Manassas,Loudoun,24.391234298788,44.6766026264996,148.956174765145
Manassas,Manassas,79.7953728326916,713.687007140007,342.691662152527
Manassas,Montgomery,2.55450819271648,4.64716408127453,24.3461439013481
Manassas,Spotsylvania,12.408931708856,0.455856164152707,15.2123601920903
Manassas,Stafford,21.4441663600633,21.6323218474592,30.091483793572
Manassas,PrinceGeorges,3.17097619693477,7.32118889034952,20.6512197628617
Manassas,AnneArundel,3.30957241196652,6.75357464314842,5.90892571210861
Manassas,PrinceWilliam,231.469939503535,1549.68291813381,1116.16417441824
Manassas,St.Marys,0.0147203637177882,0.271458836959996,1.31636004149914
Manassas,DistrictofColumbia,0.202063261090026,13.4528928942536,20.5506750196219
Manassas,ManassasPark,17.6557387351892,247.784190123042,89.1366128509632
Manassas,KingGeorge,0.24089871453053,0.0852128763054493,2.84439298510551
Manassas,FallsChurch,0.296471901916851,0.0582471726556578,3.1832746937871
Manassas,FairfaxCity,8.47130997055876,0.164851267486686,12.7613010443747
Montgomery,Alexandria,18.6527661719243,160.60318388431,114.351615045559
Montgomery,Arlington,12.0759371662037,745.325182620062,202.810272469649
Montgomery,Calvert,4.89626200420332,18.615649172934,83.4789448937553
Montgomery,Carroll,46.4237694065009,176.046519225401,331.941765263151
Montgomery,Charles,6.14131792483627,90.4753041763123,101.419539422316
Montgomery,Clarke,0.661550995275775,1.847058855164,12.2266695352794
Montgomery,Fairfax,89.8806083839389,959.583143441907,810.343688848435
Montgomery,Fauquier,2.40547386767563,9.90370763165618,18.8777023032308
Montgomery,Frederick,528.309827406032,612.26949777844,2645.87429555491
Montgomery,Fredericksburg,3.58365527368707,7.89458785505196,5.35309399664402
Montgomery,Howard,411.498173357909,1131.00677269401,1507.42797642434
Montgomery,Jefferson,2.51822874855178,8.65569196705519,13.2097135693644
Montgomery,Loudoun,49.9272819240737,710.610557652486,310.933040629852
Montgomery,Manassas,2.94071053774262,3.72779355387951,24.3467744924128
Montgomery,Montgomery,7258.29380981597,54716.9976337489,58873.4155060497
Montgomery,Spotsylvania,1.24231215078059,6.11973455235515,15.4694324545562
Montgomery,Stafford,31.5400623233394,9.36827861087476,25.2691339254379
Montgomery,PrinceGeorges,1178.67610044567,5052.9065742626,5898.73871595966
Montgomery,AnneArundel,167.920517676244,866.278507113528,928.266237374999
Montgomery,PrinceWilliam,31.9326540169371,91.4553804393173,205.945236716419
Montgomery,St.Marys,1.51474371665183,35.765742087969,48.0852587798712
Montgomery,DistrictofColumbia,381.727604288472,3932.00344606304,2543.39215924609
Montgomery,ManassasPark,0.485713646298896,3.44862550800663,9.39513112977147
Montgomery,KingGeorge,0.534219985164657,3.36201929562296,7.96324972808361
Montgomery,FallsChurch,0.505956742835986,5.65897165780352,10.3332838378847
Montgomery,FairfaxCity,48.3496504347123,14.3004287536003,44.9038530923426
Spotsylvania,Alexandria,15.2694942728421,5.25724582236768,15.9559497535229
Spotsylvania,Arlington,0.385748694673489,9.17793891965931,24.3201107345521
Spotsylvania,Calvert,4.17960788666892,5.10597788564758,2.74422601475093
Spotsylvania,Carroll,13.9045211914227,0.941138480296219,1.18163024634123
Spotsylvania,Charles,1.68962350014036,13.8172847171562,15.5900646112859
Spotsylvania,Clarke,0.0328359824690569,0.29120267709113,0.318162502935466
Spotsylvania,Fairfax,40.6664356029955,32.7818361889795,128.759416483343
Spotsylvania,Fauquier,28.4956812752264,26.9355388481128,49.5416064531841
Spotsylvania,Frederick,98.0706897197451,4.42488344301544,3.76481218636036
Spotsylvania,Fredericksburg,159.746214559301,1035.88801942419,347.986807107626
Spotsylvania,Howard,7.28890858382516,1.21376263134967,11.2265163436532
Spotsylvania,Jefferson,0.148634535600306,0.504951959463169,0.42658089541339
Spotsylvania,Loudoun,9.69894480633777,11.3623863758305,26.2117138430476
Spotsylvania,Manassas,12.1569425672793,0.34740403913514,15.2119870781899
Spotsylvania,Montgomery,2.49042409146807,5.83210411421098,15.4686842150986
Spotsylvania,Spotsylvania,540.428031963674,1503.74909434649,3133.04884877667
Spotsylvania,Stafford,242.975557591318,600.120470855969,574.936255105411
Spotsylvania,PrinceGeorges,36.6961581170977,11.829069669209,32.1927106194198
Spotsylvania,AnneArundel,3.73698590035313,3.95908956133101,13.6665755435824
Spotsylvania,PrinceWilliam,45.1214521673362,96.8127101534785,140.844606558526
Spotsylvania,St.Marys,1.79223813004625,7.35580039687509,4.19720638711589
Spotsylvania,DistrictofColumbia,3.73203170585174,10.2383622840955,72.7318379878998
Spotsylvania,ManassasPark,0.00988004759363831,0.145296500353193,4.84854079037905
Spotsylvania,KingGeorge,63.3838557485781,86.5722555582166,69.1380187159328
Spotsylvania,FallsChurch,0.0229585400896228,0.187573702837361,1.649155408144
Spotsylvania,FairfaxCity,0.855778155493628,1.2763140809346,4.15952717512846
Stafford,Alexandria,35.057017654264,24.7291892935975,21.4496950319871
Stafford,Arlington,17.7539616710609,44.1073346625903,27.3414377234876
Stafford,Calvert,3.47714737587475,5.87053254873534,1.29476781189442
Stafford,Carroll,12.4884464389001,1.85463672932757,0.591144233942032
Stafford,Charles,14.4677693021621,14.7047358191266,9.29958991333842
Stafford,Clarke,1.32624141959007,0.878028054640062,1.59618597216821
Stafford,Fairfax,222.833351119525,300.313847687343,196.894379929119
Stafford,Fauquier,263.708152379355,71.2965712311801,156.671895365553
Stafford,Frederick,128.412126925817,3.87237311658887,4.74118499457836
Stafford,Fredericksburg,244.654780730599,735.565653012905,282.377978448261
Stafford,Howard,22.3835076688443,7.32563545547634,9.79024747759104
Stafford,Jefferson,1.67493339114382,1.22883093370568,1.1427078018947
Stafford,Loudoun,35.8225296360542,76.8796372058002,49.2954565949394
Stafford,Manassas,18.289871044374,16.9977267808452,30.0717193931341
Stafford,Montgomery,64.3487992490153,10.4133034610207,25.2664654254913
Stafford,Spotsylvania,248.205152351179,633.315645047858,553.49445116405
Stafford,Stafford,1170.3192171024,4113.47378949689,3559.26641274842
Stafford,PrinceGeorges,220.098861376783,32.5676804580896,38.0476541668177
Stafford,AnneArundel,28.8634224847189,6.41599580570306,10.5688021071255
Stafford,PrinceWilliam,324.238287525592,684.651094027785,431.830477962822
Stafford,St.Marys,2.87852343277764,8.91843560789594,2.80110340565443
Stafford,DistrictofColumbia,62.1927358655088,47.0902549095525,35.077255461365
Stafford,ManassasPark,6.09793238685039,0.460927372597453,10.8664710596204
Stafford,KingGeorge,33.1667580564572,95.5503512114958,137.904395657743
Stafford,FallsChurch,0.0543796000199295,0.35389155763369,1.64071322232485
Stafford,FairfaxCity,17.2746185453564,3.02135316129129,5.19303158670664
PrinceGeorges,Alexandria,182.985598564255,1384.57198339767,486.001318832002
PrinceGeorges,Arlington,26.8399613489681,1650.53419354158,500.303711801167
PrinceGeorges,Calvert,44.6836720772955,453.650439574473,482.039543529705
PrinceGeorges,Carroll,47.5140471968184,103.171578075478,133.159234362806
PrinceGeorges,Charles,199.546451172869,1266.53636866472,1399.60110417008
PrinceGeorges,Clarke,0.692363796151775,0.981796660663171,1.6840832978487
PrinceGeorges,Fairfax,3261.89894844522,1382.06095687468,1078.66305514257
PrinceGeorges,Fauquier,4.3972436682245,10.5150281500436,20.8029347471893
PrinceGeorges,Frederick,863.795412787219,123.170978448273,587.010101440399
PrinceGeorges,Fredericksburg,13.825911780583,5.94348242740433,8.88723454251885
PrinceGeorges,Howard,989.582393573249,1572.81323538927,1812.75793068717
PrinceGeorges,Jefferson,2.13879596674509,5.44537596397063,12.6237517058572
PrinceGeorges,Loudoun,102.5759600059,699.298808771116,264.846239801156
PrinceGeorges,Manassas,3.17769762669689,9.68705156233588,20.6461410522461
PrinceGeorges,Montgomery,2565.43071162905,5588.19804694946,6606.55558609743
PrinceGeorges,Spotsylvania,31.7616539452344,15.9320082100015,32.1849101558328
PrinceGeorges,Stafford,190.277684012506,33.1298800863385,38.0387628301978
PrinceGeorges,PrinceGeorges,11194.9581029254,54272.1809228739,62143.0579106629
PrinceGeorges,AnneArundel,1520.55572881565,3626.50019411214,3502.10429455992
PrinceGeorges,PrinceWilliam,175.32361130367,207.210732807925,300.393052684321
PrinceGeorges,St.Marys,36.8418855141974,183.746970033099,252.860395074164
PrinceGeorges,DistrictofColumbia,776.233381796301,7245.29953054991,7737.37282821575
PrinceGeorges,ManassasPark,0.625364338689451,1.22789733484689,11.616679482162
PrinceGeorges,KingGeorge,35.4476004050827,15.6721715175343,38.6586337218094
PrinceGeorges,FallsChurch,3.77660144969519,8.85317135075171,16.0700827757872
PrinceGeorges,FairfaxCity,120.487315800345,12.5034660761846,41.5045431094216
AnneArundel,Alexandria,25.5549731653108,74.103947881657,71.2528658303426
AnneArundel,Arlington,4.01582057529695,216.452015163163,90.8402681132789
AnneArundel,Calvert,43.6885671539763,179.562636045257,295.009111612015
AnneArundel,Carroll,16.2913056755816,48.6492498061509,142.688870910742
AnneArundel,Charles,29.0897985687609,101.753377686967,153.203648272558
AnneArundel,Clarke,0.405291993891709,0.305851957687509,0.739545054128272
AnneArundel,Fairfax,113.314487615188,279.959158847318,234.636194518733
AnneArundel,Fauquier,4.47949662196281,4.80306973183855,7.62276592850685
AnneArundel,Frederick,113.66826040421,81.8288722405275,165.515234721954
AnneArundel,Fredericksburg,2.31096267221307,0.608952228633281,2.97865153104067
AnneArundel,Howard,1049.34828618929,2218.41455451877,2258.09941593835
AnneArundel,Jefferson,0.115803788988194,2.06044657323724,0
AnneArundel,Loudoun,41.8909294115208,52.5591341833804,76.1039965324795
AnneArundel,Manassas,3.32704496996077,7.08730487462158,5.90753339231014
AnneArundel,Montgomery,253.222221114445,993.734735301,1003.25787552936
AnneArundel,Spotsylvania,5.91017031946712,6.80766508562832,13.6636598855257
AnneArundel,Stafford,42.8911952582193,7.18463415652574,10.5669962540269
AnneArundel,PrinceGeorges,765.610797762821,3983.38450978835,3499.99558400656
AnneArundel,AnneArundel,4096.03316781481,24047.3642739256,34290.0201367455
AnneArundel,PrinceWilliam,41.9678491922919,39.9512033959897,55.0117564363582
AnneArundel,St.Marys,17.5326236860944,111.54191871545,50.2725524857371
AnneArundel,DistrictofColumbia,50.4820486341001,797.193271606216,870.483557188759
AnneArundel,ManassasPark,1.25148296309921,4.93946284113216,2.5479824244976
AnneArundel,KingGeorge,11.075753951612,3.00995948624501,12.9158853823135
AnneArundel,FallsChurch,0.0234125813115334,0.31573094646921,2.74682503938675
AnneArundel,FairfaxCity,9.61341503191629,3.82348915072381,8.55501851853361
PrinceWilliam,Alexandria,63.4583411848988,212.669376404313,142.419092657572
PrinceWilliam,Arlington,16.9128952278062,322.404861291925,190.483619205893
PrinceWilliam,Calvert,4.57864348578909,5.66118574076979,9.24773855666623
PrinceWilliam,Carroll,26.2447150470885,11.4354969717579,5.06684548407793
PrinceWilliam,Charles,19.0907780055147,10.8643768414583,29.1860762387514
PrinceWilliam,Clarke,1.51508232541299,1.24234183268572,17.8697317479117
PrinceWilliam,Fairfax,790.69823022273,3640.43739153014,1892.634860755
PrinceWilliam,Fauquier,293.953517432886,773.071372225704,568.616841963316
PrinceWilliam,Frederick,303.062313047416,38.3617443817535,39.5660166999628
PrinceWilliam,Fredericksburg,45.3426481183423,87.3248105227753,39.1462655162263
PrinceWilliam,Howard,43.9691106444728,11.0447909541929,42.2093268707395
PrinceWilliam,Jefferson,2.64778393443506,2.97407094141206,11.193375594914
PrinceWilliam,Loudoun,351.570716994596,1098.04530214986,953.993470233789
PrinceWilliam,Manassas,217.202077286236,1588.34419263649,896.572666285488
PrinceWilliam,Montgomery,36.847674247034,110.197447600708,206.339117307461
PrinceWilliam,Spotsylvania,43.142095659529,100.276218613883,140.754637621899
PrinceWilliam,Stafford,280.083162156549,671.755777919416,417.227134553183
PrinceWilliam,PrinceGeorges,178.442012248488,210.504690901771,335.340138033301
PrinceWilliam,AnneArundel,32.3244829392794,38.4686972480905,54.8858399673502
PrinceWilliam,PrinceWilliam,3928.94337117574,23794.4237596346,16932.8074965247
PrinceWilliam,St.Marys,1.70663211491667,4.85480798244998,13.2371720820665
PrinceWilliam,DistrictofColumbia,89.4583570102881,283.575925007572,300.147678796618
PrinceWilliam,ManassasPark,25.2712189452156,532.932562384126,257.667118220132
PrinceWilliam,KingGeorge,16.4312171874254,2.43467255481716,16.9149339497089
PrinceWilliam,FallsChurch,1.36987059101263,53.724899895532,20.3066932857037
PrinceWilliam,FairfaxCity,50.3547371157447,195.277670069515,77.8757610674969
St.Marys,Alexandria,0.271695837094534,20.991354011618,8.78574996441603
St.Marys,Arlington,0.144775918566817,7.00554820226122,20.7789284400642
St.Marys,Calvert,91.3950693994175,365.673501750148,596.316629203061
St.Marys,Carroll,3.32451029249211,1.47609785122617,3.1002207621932
St.Marys,Charles,86.5047852024857,188.178356076857,517.079717779052
St.Marys,Clarke,0.0124045646140242,0.0995114603275326,0.119877234101295
St.Marys,Fairfax,4.15681851388389,12.6926314379689,34.6321568451822
St.Marys,Fauquier,0.256081605216608,2.14871925557163,1.73874181509018
St.Marys,Frederick,16.8072326643208,2.66025802509598,5.01558724629282
St.Marys,Fredericksburg,0.798751125236408,2.70100145196316,1.03182823720692
St.Marys,Howard,8.5147667254169,4.69269671825986,11.0852886796904
St.Marys,Jefferson,0.0178217459110357,0.0738080606816634,0
St.Marys,Loudoun,0.905693171020148,2.36584066967603,9.29010953009129
St.Marys,Manassas,0.0134769179358045,0.24451855733134,1.31566527485847
St.Marys,Montgomery,3.70476087445705,37.9589638906818,52.0253354060794
St.Marys,Spotsylvania,1.7004077761714,7.23225729379812,4.19917056097632
St.Marys,Stafford,2.86690301206452,8.40997945478825,2.79925468564034
St.Marys,PrinceGeorges,40.131156962535,188.340549156651,253.223797516677
St.Marys,AnneArundel,19.0991114900944,122.323911952618,53.2111327686858
St.Marys,PrinceWilliam,1.52425922277325,4.71733638368472,13.227300580591
St.Marys,St.Marys,776.476622857522,2313.04153468868,7916.13308515978
St.Marys,DistrictofColumbia,0.623955080118865,34.4626235430493,82.9553579203784
St.Marys,ManassasPark,0.00727302822554595,0.12868192281309,0.245966672897339
St.Marys,KingGeorge,37.258425725065,2.16170718406224,38.3553459966928
St.Marys,FallsChurch,0.196939533688365,0.150082371565197,0.205216988921165
St.Marys,FairfaxCity,2.306343849543,5.67314004820797,0.886877529323101
DistrictofColumbia,Alexandria,31.3111074764471,915.567725891336,314.313840852143
DistrictofColumbia,Arlington,208.476123766022,3600.57104267488,1529.35171983697
DistrictofColumbia,Calvert,7.10758773120684,90.4508334895733,160.903440875054
DistrictofColumbia,Carroll,25.169048671508,32.9501482232622,63.6104962277065
DistrictofColumbia,Charles,4.51411352617525,407.231587011043,207.053627349462
DistrictofColumbia,Clarke,0.0714435389004813,0.450078967626886,2.90400959551334
DistrictofColumbia,Fairfax,142.314774886463,2227.44904210341,1017.34018433587
DistrictofColumbia,Fauquier,3.47588098335943,5.63472610008476,25.7644912414253
DistrictofColumbia,Frederick,100.076625657885,70.7516758383328,257.391610152883
DistrictofColumbia,Fredericksburg,1.11525759257119,36.774340294549,8.02542644739151
DistrictofColumbia,Howard,137.828698318684,235.084015025738,310.5819546549
DistrictofColumbia,Jefferson,0.677728439023124,2.71511246265945,12.9419533567266
DistrictofColumbia,Loudoun,44.6282452231927,769.232074833449,368.125265737237
DistrictofColumbia,Manassas,0.202645370499256,14.7304948924105,20.5457803420722
DistrictofColumbia,Montgomery,335.224100726667,4551.38653070152,2604.23586441521
DistrictofColumbia,Spotsylvania,4.826885329244,14.1741900618115,72.7201920114458
DistrictofColumbia,Stafford,83.5771438976746,41.8268377635774,35.0699903815985
DistrictofColumbia,PrinceGeorges,1134.82729877495,7380.69875446364,9197.23424627482
DistrictofColumbia,AnneArundel,90.585609594603,802.493541628753,710.577783155576
DistrictofColumbia,PrinceWilliam,118.690612420642,298.191990576451,295.02489803008
DistrictofColumbia,St.Marys,0.690239880919782,31.9676909902925,82.9899647831917
DistrictofColumbia,DistrictofColumbia,3472.40927012313,25964.0578308016,38986.7707590941
DistrictofColumbia,ManassasPark,0.193429397810328,5.59256895634353,10.5265284702182
DistrictofColumbia,KingGeorge,29.5546731509996,10.6502996430973,20.1497906856239
DistrictofColumbia,FallsChurch,0.184963099681863,20.3435415049851,12.1682641468942
DistrictofColumbia,FairfaxCity,3.90725777828881,41.6190221380075,26.4578529931605
ManassasPark,Alexandria,0.256299611962557,10.7106669696859,6.05634428560734
ManassasPark,Arlington,0.0980166000400449,13.6584133707634,11.4036677405238
ManassasPark,Calvert,0.0127877140263328,0.246756847145913,0.234698764979839
ManassasPark,Carroll,0.343083988427772,0.219445067232115,0.570605702698231
ManassasPark,Charles,0.0119275168202231,0.414189716974491,1.49189921468496
ManassasPark,Clarke,0.000884801897000899,0.011813954944867,1.26531643420458
ManassasPark,Fairfax,10.2744397809395,301.740296186157,122.132948241706
ManassasPark,Fauquier,1.62298656999345,0.14557965616215,19.7092674300075
ManassasPark,Frederick,3.15764019356397,0.765667471230567,3.49549747258425
ManassasPark,Fredericksburg,0.00396821465106607,0.0566502341914649,0.729700684547424
ManassasPark,Howard,0.65543244985408,4.37457840013362,2.03185737878084
ManassasPark,Jefferson,0.0025664764385257,0.0322987539022841,0
ManassasPark,Loudoun,4.46229499305116,100.149740506673,49.7922576218844
ManassasPark,Manassas,20.1187643098725,194.087331021217,84.6240790946544
ManassasPark,Montgomery,0.451697745927851,4.17818920769258,9.39486126601696
ManassasPark,Spotsylvania,0.0110564930922347,0.217983155535028,4.84862732887268
ManassasPark,Stafford,7.04513827426445,0.665445782936013,10.8668198660016
ManassasPark,PrinceGeorges,0.626129105121235,1.88905774256902,11.6195102483034
ManassasPark,AnneArundel,0.986160471357156,4.71224947555542,2.54864728450775
ManassasPark,PrinceWilliam,26.1604936940658,614.488604989098,248.36792052355
ManassasPark,St.Marys,0.00852912295603165,0.190503800213407,0.246136628091335
ManassasPark,DistrictofColumbia,0.194336568933593,5.6583253738127,10.5292001590133
ManassasPark,ManassasPark,8.91195990041639,155.901447933471,33.3108648514829
ManassasPark,KingGeorge,0.00180771780258203,0.0415129623000913,0.920648068189621
ManassasPark,FallsChurch,0.000735454552341253,0.023072883128204,0.931865848600864
ManassasPark,FairfaxCity,1.21861629688348,0.0793786777404945,4.60381132364273
KingGeorge,Alexandria,16.8706414527689,0.874767671942117,5.56160332361074
KingGeorge,Arlington,0.043128400104596,0.87375877986731,3.71268835291266
KingGeorge,Calvert,13.3937382478481,3.90561422544542,10.2221091227119
KingGeorge,Carroll,0.711498566705475,0.558491918339032,0
KingGeorge,Charles,24.9097471889348,24.7989183164025,58.5628903058511
KingGeorge,Clarke,0.0044575646425489,0.058283327622401,0.110022410750389
KingGeorge,Fairfax,7.12462497169367,5.34096296941034,35.8524946197867
KingGeorge,Fauquier,1.82983240628939,1.01381654394082,15.738565646112
KingGeorge,Frederick,0.0950780090634462,0.503444313645471,1.07628102600574
KingGeorge,Fredericksburg,87.6483454624194,52.4990873361024,22.1249223253564
KingGeorge,Howard,15.7392937379464,1.4579778810892,3.94662943666102
KingGeorge,Jefferson,0.00738656939535897,0.200461088712118,0
KingGeorge,Loudoun,4.65083120052214,2.04523562346628,12.1864078715444
KingGeorge,Manassas,0.240919965832685,0.0970721040847281,2.8439315110445
KingGeorge,Montgomery,0.58850311341415,3.28902630041085,8.17214853892546
KingGeorge,Spotsylvania,69.6755283870919,74.9289917113284,69.8643702983158
KingGeorge,Stafford,33.293434794639,95.5154098177576,137.271373942245
KingGeorge,PrinceGeorges,43.3386614557015,16.3667319980714,39.0517838187549
KingGeorge,AnneArundel,12.3208178820869,3.37552387572088,12.9982647495562
KingGeorge,PrinceWilliam,16.9664503902206,3.19610165840772,16.912375766784
KingGeorge,St.Marys,36.7917022001246,2.63116654941255,37.8512221169783
KingGeorge,DistrictofColumbia,29.7489582657605,11.4945843588074,20.1499809250236
KingGeorge,ManassasPark,0.0018815776306576,0.0414192535508047,0.920554935932159
KingGeorge,KingGeorge,331.69632599715,161.943510586904,683.811958654095
KingGeorge,FallsChurch,0.0058450876400466,0.0535176450063998,0
KingGeorge,FairfaxCity,0.0141504456051634,0.28203175971516,1.72178477793932
FallsChurch,Alexandria,4.57666851265237,31.4951922602662,15.525869961828
FallsChurch,Arlington,10.9747295105877,105.924920948223,73.6136564638481
FallsChurch,Calvert,0.0100305966790173,0.146217713918538,1.39275642484427
FallsChurch,Carroll,0.538703511949649,0.396670302141714,1.66169159859419
FallsChurch,Charles,0.0284574999010607,0.242489283663176,1.48486976325512
FallsChurch,Clarke,0.00219971194744112,0.0137929650745953,0.125893875956535
FallsChurch,Fairfax,62.2747281510545,626.494127977385,306.752553958274
FallsChurch,Fauquier,0.157006316458969,0.215026924555844,2.08625282719731
FallsChurch,Frederick,0.681891505725652,0.60176083297449,1.54065539972508
FallsChurch,Fredericksburg,0.00537072096505029,0.0568375763405519,0.231854856014252
FallsChurch,Howard,1.20671657404004,0.417006515472812,2.596519716084
FallsChurch,Jefferson,0.00274352297417614,0.039901322622167,1.50864108651876
FallsChurch,Loudoun,0.892454261292943,27.1159099819291,18.004698779434
FallsChurch,Manassas,0.469097024844483,0.0560933395410025,3.18300806730986
FallsChurch,Montgomery,0.31431202555726,6.57582113435277,10.3542853298473
FallsChurch,Spotsylvania,0.014448281690529,0.227310467935631,1.64911598712206
FallsChurch,Stafford,0.0309143180942747,0.374495939540167,1.64064244925976
FallsChurch,PrinceGeorges,3.24746403335137,8.59346872814835,16.1622545906438
FallsChurch,AnneArundel,0.0282922449204237,0.516985236782528,2.75574293870178
FallsChurch,PrinceWilliam,3.44406355100338,51.535668465907,20.3054788596928
FallsChurch,St.Marys,0.3532567172942,0.112671222873395,0.205312043428421
FallsChurch,DistrictofColumbia,0.189894805309377,40.3782474424302,12.1702740751207
FallsChurch,ManassasPark,0.000749706925531599,0.025493344729379,0.931779317557812
FallsChurch,KingGeorge,0.00536341037527779,0.0482647767101554,0
FallsChurch,FallsChurch,4.2619135387273,84.0000898798807,107.559021730376
FallsChurch,FairfaxCity,1.93659673770878,52.9035480758554,4.52972937178514
FairfaxCity,Alexandria,118.337597687125,21.4582140098564,26.0006100311577
FairfaxCity,Arlington,3.57176788894972,138.423047148072,44.0847599415829
FairfaxCity,Calvert,19.3915385565762,0.551872810857017,1.17451797948354
FairfaxCity,Carroll,0.773963752932396,0.724774093460347,0.773550376296043
FairfaxCity,Charles,15.6302092101438,0.747052233989506,2.8451620079577
FairfaxCity,Clarke,1.44005801061216,0.0927829069593981,0.20795963704586
FairfaxCity,Fairfax,277.771475297947,2061.40807800697,806.121003612864
FairfaxCity,Fauquier,7.1006070834276,0.503498993716688,8.22785237431526
FairfaxCity,Frederick,12.5638705285726,1.22064378147656,10.5258654318903
FairfaxCity,Fredericksburg,0.0192779466373428,4.6717268446801,0.39202868938446
FairfaxCity,Howard,8.86174324578009,14.2331694118626,5.12261586458506
FairfaxCity,Jefferson,0.00463394353005032,0.0887605960468567,1.4550854191184
FairfaxCity,Loudoun,25.839792574845,151.476684884918,81.0153913721442
FairfaxCity,Manassas,9.51281049193122,0.197256737600183,12.7606068961322
FairfaxCity,Montgomery,62.371485781258,21.8423479842147,45.3114501350913
FairfaxCity,Spotsylvania,0.652264680667083,0.915410402794681,4.15939847379923
FairfaxCity,Stafford,10.1254344091068,1.73455694908627,5.19291089475155
FairfaxCity,PrinceGeorges,95.7946475797779,23.1147532054763,41.4524743511201
FairfaxCity,AnneArundel,14.6202598417989,3.79522571280491,8.7608120938707
FairfaxCity,PrinceWilliam,93.687577137387,212.00833510153,78.4202963721974
FairfaxCity,St.Marys,2.24400989980862,5.71577285353,0.887421123683453
FairfaxCity,DistrictofColumbia,3.79354166408323,48.9398222548593,26.4629597812891
FairfaxCity,ManassasPark,1.2184225629248,0.0875497141073531,4.65839800529316
FairfaxCity,KingGeorge,0.00843084748134184,0.157089557590292,1.72190321981907
FairfaxCity,FallsChurch,1.60220945618568,27.047546048576,4.61189191406207
FairfaxCity,FairfaxCity,73.4876077224206,525.968298018363,444.214914921851
