ZONE,PER,QUANTITY
1,PER01,0
2,PER01,44332
3,PER01,11171
4,PER01,33022
5,PER01,25579
6,PER01,13676
7,PER01,27170
8,PER01,25579
9,PER01,6924
10,PER01,43313
11,PER01,21004
12,PER01,18693
13,PER01,47310
14,PER01,38574
15,PER01,29788
16,PER01,19967
17,PER01,35711
18,PER01,14274
19,PER01,11254
20,PER01,14638
21,PER01,14738
22,PER01,9771
23,PER01,16222
24,PER01,20756
25,PER01,23733
26,PER01,9328
27,PER01,11262
28,PER01,8018
29,PER01,18689
30,PER01,15421
31,PER01,14652
32,PER01,80982
33,PER01,49190
34,PER01,0
35,PER01,0
36,PER01,32616
37,PER01,11125
38,PER01,17087
39,PER01,4136
40,PER01,3407
41,PER01,14322
42,PER01,2995
43,PER01,21692
44,PER01,5260
45,PER01,18491
46,PER01,6094
47,PER01,443
48,PER01,17820
49,PER01,9655
50,PER01,3354
51,PER01,9910
52,PER01,19962
53,PER01,56596
54,PER01,51725
55,PER01,32224
56,PER01,53356
57,PER01,7359
58,PER01,2450
59,PER01,13702
60,PER01,4885
61,PER01,10148
62,PER01,6114
63,PER01,7767
64,PER01,26783
65,PER01,77279
66,PER01,32225
67,PER01,22201
68,PER01,18640
69,PER01,25289
70,PER01,38345
71,PER01,21346
72,PER01,39549
73,PER01,26454
74,PER01,43424
75,PER01,12848
76,PER01,26089
77,PER01,1029
78,PER01,26182
79,PER01,1192
80,PER01,48439
81,PER01,6100
82,PER01,8734
83,PER01,0
84,PER01,28658
85,PER01,28135
86,PER01,24277
87,PER01,31368
88,PER01,1828
89,PER01,63279
90,PER01,21626
91,PER01,24474
92,PER01,46292
93,PER01,48951
94,PER01,22969
95,PER01,12007
96,PER01,40691
97,PER01,12636
98,PER01,21403
99,PER01,21571
100,PER01,25507
101,PER01,21456
102,PER01,18394
103,PER01,14572
104,PER01,29215
105,PER01,0
106,PER01,6627
107,PER01,14686
108,PER01,41625
109,PER01,37900
110,PER01,9235
111,PER01,15602
112,PER01,22428
113,PER01,4017
114,PER01,7094
115,PER01,17656
116,PER01,5840
117,PER01,13879
118,PER01,25181
119,PER01,8180
120,PER01,9193
121,PER01,12304
122,PER01,21224
123,PER01,3697
124,PER01,0
125,PER01,14541
126,PER01,10617
127,PER01,24806
128,PER01,0
129,PER01,0
130,PER01,0
131,PER01,0
132,PER01,0
133,PER01,0
134,PER01,0
135,PER01,0
136,PER01,26742
137,PER01,20534
138,PER01,0
139,PER01,5007
140,PER01,0
141,PER01,1372
142,PER01,0
143,PER01,0
144,PER01,0
145,PER01,0
146,PER01,0
147,PER01,0
148,PER01,0
149,PER01,0
150,PER01,0
151,PER01,0
152,PER01,0
153,PER01,0
154,PER01,0
155,PER01,39360
156,PER01,19830
157,PER01,5698
158,PER01,8736
159,PER01,60179
160,PER01,61818
161,PER01,17345
162,PER01,6741
163,PER01,41034
164,PER01,0
165,PER01,13225
166,PER01,14484
167,PER01,3915
168,PER01,21213
169,PER01,8442
170,PER01,9229
171,PER01,11223
172,PER01,16527
173,PER01,12863
174,PER01,9983
175,PER01,10498
176,PER01,5595
177,PER01,3464
178,PER01,8933
179,PER01,8467
180,PER01,8138
181,PER01,7703
182,PER01,5050
183,PER01,5380
184,PER01,10527
185,PER01,2928
186,PER01,6270
187,PER01,10262
188,PER01,4951
189,PER01,5831
190,PER01,15305
191,PER01,7469
192,PER01,5519
193,PER01,7290
194,PER01,10898
195,PER01,28589
196,PER01,7694
197,PER01,0
198,PER01,13703
199,PER01,4555
200,PER01,8996
201,PER01,15624
202,PER01,38219
203,PER01,0
204,PER01,13977
205,PER01,7087
206,PER01,8314
207,PER01,24368
208,PER01,9833
209,PER01,7586
210,PER01,11894
211,PER01,8491
212,PER01,0
213,PER01,13243
214,PER01,18632
215,PER01,0
216,PER01,11153
217,PER01,8087
218,PER01,18234
219,PER01,12709
220,PER01,22142
221,PER01,2445
222,PER01,3336
223,PER01,7378
224,PER01,18832
225,PER01,3551
226,PER01,23921
227,PER01,15040
228,PER01,10102
229,PER01,13782
230,PER01,69402
231,PER01,66272
232,PER01,26201
233,PER01,7187
234,PER01,5455
235,PER01,7949
236,PER01,12613
237,PER01,11134
238,PER01,14427
239,PER01,11929
240,PER01,11817
241,PER01,4994
242,PER01,5010
243,PER01,9430
244,PER01,24254
245,PER01,11817
246,PER01,18351
247,PER01,27212
248,PER01,9336
249,PER01,13057
250,PER01,8125
251,PER01,10861
252,PER01,5373
253,PER01,9536
254,PER01,10601
255,PER01,9384
256,PER01,7784
257,PER01,6575
258,PER01,4705
259,PER01,4597
260,PER01,9590
261,PER01,8345
262,PER01,7884
263,PER01,5481
264,PER01,4017
265,PER01,4571
266,PER01,6506
267,PER01,8210
268,PER01,1761
269,PER01,4961
270,PER01,3097
271,PER01,7262
272,PER01,12883
273,PER01,10838
274,PER01,10528
275,PER01,11524
276,PER01,12438
277,PER01,24765
278,PER01,14393
279,PER01,7390
280,PER01,14884
281,PER01,7937
282,PER01,9820
283,PER01,23326
284,PER01,15554
285,PER01,15301
286,PER01,11792
287,PER01,3230
288,PER01,16025
289,PER01,13035
290,PER01,16427
291,PER01,26487
292,PER01,6332
293,PER01,26877
294,PER01,34497
295,PER01,38430
296,PER01,39081
297,PER01,13910
298,PER01,11264
299,PER01,34850
300,PER01,8683
301,PER01,26429
302,PER01,14784
303,PER01,8053
304,PER01,6741
305,PER01,9473
306,PER01,14388
307,PER01,6181
308,PER01,8793
309,PER01,18713
310,PER01,24768
311,PER01,6883
312,PER01,7948
313,PER01,13980
314,PER01,13655
315,PER01,9808
316,PER01,7484
317,PER01,5642
318,PER01,5069
319,PER01,6119
320,PER01,9112
321,PER01,10479
322,PER01,14089
323,PER01,12824
324,PER01,12970
325,PER01,16708
326,PER01,11923
327,PER01,6205
328,PER01,10453
329,PER01,6937
330,PER01,3810
331,PER01,1597
332,PER01,2620
333,PER01,2466
334,PER01,4074
335,PER01,4090
336,PER01,13027
337,PER01,9631
338,PER01,10296
339,PER01,5528
340,PER01,4978
341,PER01,5088
342,PER01,2804
343,PER01,16878
344,PER01,8400
345,PER01,3551
346,PER01,1808
347,PER01,1000
348,PER01,5504
349,PER01,8362
350,PER01,5102
351,PER01,10288
352,PER01,3616
353,PER01,7147
354,PER01,3000
355,PER01,0
356,PER01,1202
357,PER01,1344
358,PER01,1988
359,PER01,0
360,PER01,0
361,PER01,2686
362,PER01,1593
363,PER01,0
364,PER01,2124
365,PER01,0
366,PER01,1493
367,PER01,1686
368,PER01,3001
369,PER01,4331
370,PER01,2047
371,PER01,1225
372,PER01,1724
373,PER01,1720
374,PER01,1388
375,PER01,1925
376,PER01,864
377,PER01,833
378,PER01,2260
379,PER01,2608
380,PER01,2429
381,PER01,1277
382,PER01,497
383,PER01,2242
384,PER01,1708
385,PER01,1959
386,PER01,1733
387,PER01,5370
388,PER01,4466
389,PER01,1489
390,PER01,1244
391,PER01,1165
392,PER01,1210
393,PER01,1621
394,PER01,3320
395,PER01,2550
396,PER01,4189
397,PER01,3113
398,PER01,1007
399,PER01,1711
400,PER01,2390
401,PER01,3020
402,PER01,5635
403,PER01,5470
404,PER01,865
405,PER01,2691
406,PER01,1251
407,PER01,2110
408,PER01,2300
409,PER01,2321
410,PER01,2161
411,PER01,2075
412,PER01,1152
413,PER01,1206
414,PER01,5608
415,PER01,1335
416,PER01,1704
417,PER01,1653
418,PER01,4696
419,PER01,3547
420,PER01,4186
421,PER01,1149
422,PER01,2447
423,PER01,836
424,PER01,988
425,PER01,2162
426,PER01,1749
427,PER01,378
428,PER01,1455
429,PER01,8146
430,PER01,976
431,PER01,677
432,PER01,1788
433,PER01,1943
434,PER01,3589
435,PER01,2535
436,PER01,2611
437,PER01,5059
438,PER01,4407
439,PER01,2953
440,PER01,3912
441,PER01,9209
442,PER01,4995
443,PER01,4230
444,PER01,2576
445,PER01,5560
446,PER01,5055
447,PER01,2505
448,PER01,2250
449,PER01,3970
450,PER01,1977
451,PER01,3899
452,PER01,3630
453,PER01,255
454,PER01,761
455,PER01,3349
456,PER01,921
457,PER01,2751
458,PER01,1735
459,PER01,953
460,PER01,3959
461,PER01,3693
462,PER01,4171
463,PER01,2078
464,PER01,1789
465,PER01,3227
466,PER01,356
467,PER01,103
468,PER01,1077
469,PER01,2528
470,PER01,1400
471,PER01,6604
472,PER01,2838
473,PER01,3334
474,PER01,7482
475,PER01,5746
476,PER01,3511
477,PER01,6926
478,PER01,3997
479,PER01,3297
480,PER01,6680
481,PER01,844
482,PER01,2887
483,PER01,745
484,PER01,1559
485,PER01,2749
486,PER01,3437
487,PER01,3332
488,PER01,1584
489,PER01,1256
490,PER01,2623
491,PER01,1565
492,PER01,1229
493,PER01,3226
494,PER01,3668
495,PER01,5329
496,PER01,3988
497,PER01,6720
498,PER01,2148
499,PER01,3161
500,PER01,2585
501,PER01,1033
502,PER01,1695
503,PER01,1094
504,PER01,746
505,PER01,1238
506,PER01,2807
507,PER01,2158
508,PER01,0
509,PER01,6648
510,PER01,2819
511,PER01,1677
512,PER01,5652
513,PER01,1255
514,PER01,1425
515,PER01,2015
516,PER01,1004
517,PER01,605
518,PER01,500
519,PER01,600
520,PER01,1158
521,PER01,1192
522,PER01,1332
523,PER01,0
524,PER01,3141
525,PER01,3945
526,PER01,1739
527,PER01,1557
528,PER01,3332
529,PER01,1865
530,PER01,1482
531,PER01,2037
532,PER01,2359
533,PER01,722
534,PER01,573
535,PER01,639
536,PER01,2141
537,PER01,1653
538,PER01,1264
539,PER01,774
540,PER01,3136
541,PER01,2322
542,PER01,225
543,PER01,2559
544,PER01,3574
545,PER01,1916
546,PER01,971
547,PER01,887
548,PER01,1416
549,PER01,1819
550,PER01,1008
551,PER01,3575
552,PER01,2667
553,PER01,1764
554,PER01,1316
555,PER01,2935
556,PER01,1292
557,PER01,2870
558,PER01,863
559,PER01,0
560,PER01,0
561,PER01,1624
562,PER01,3736
563,PER01,775
564,PER01,2345
565,PER01,822
566,PER01,911
567,PER01,1159
568,PER01,1074
569,PER01,1294
570,PER01,543
571,PER01,0
572,PER01,771
573,PER01,469
574,PER01,1019
575,PER01,236
576,PER01,561
577,PER01,1295
578,PER01,1807
579,PER01,2157
580,PER01,2387
581,PER01,2869
582,PER01,1939
583,PER01,1291
584,PER01,2036
585,PER01,2141
586,PER01,1852
587,PER01,2777
588,PER01,1723
589,PER01,1009
590,PER01,1371
591,PER01,3369
592,PER01,1653
593,PER01,1785
594,PER01,2944
595,PER01,2698
596,PER01,2295
597,PER01,1276
598,PER01,2429
599,PER01,0
600,PER01,1209
601,PER01,1643
602,PER01,0
603,PER01,3185
604,PER01,0
605,PER01,2056
606,PER01,2244
607,PER01,493
608,PER01,4342
609,PER01,2576
610,PER01,1815
611,PER01,634
612,PER01,1640
613,PER01,560
614,PER01,431
615,PER01,821
616,PER01,2540
617,PER01,1624
618,PER01,421
619,PER01,2936
620,PER01,2038
621,PER01,2293
622,PER01,1520
623,PER01,997
624,PER01,2332
625,PER01,0
626,PER01,0
627,PER01,0
628,PER01,0
629,PER01,259
630,PER01,1139
631,PER01,1447
632,PER01,1200
633,PER01,1780
634,PER01,1444
635,PER01,597
636,PER01,857
637,PER01,1224
638,PER01,1979
639,PER01,1025
640,PER01,2162
641,PER01,0
642,PER01,4212
643,PER01,1863
644,PER01,642
645,PER01,2629
646,PER01,1540
647,PER01,1484
648,PER01,2544
649,PER01,2531
650,PER01,4444
651,PER01,5917
652,PER01,1300
653,PER01,107
654,PER01,131
655,PER01,5442
656,PER01,7553
657,PER01,1853
658,PER01,743
659,PER01,1077
660,PER01,1729
661,PER01,5109
662,PER01,13393
663,PER01,0
664,PER01,4850
665,PER01,2262
666,PER01,0
667,PER01,0
668,PER01,8137
669,PER01,2763
670,PER01,3226
671,PER01,4513
672,PER01,5243
673,PER01,7995
674,PER01,1926
675,PER01,5338
676,PER01,6801
677,PER01,7720
678,PER01,12435
679,PER01,15663
680,PER01,11384
681,PER01,12074
682,PER01,2927
683,PER01,10223
684,PER01,3983
685,PER01,1898
686,PER01,3505
687,PER01,7090
688,PER01,12770
689,PER01,4404
690,PER01,2480
691,PER01,7414
692,PER01,6922
693,PER01,3777
694,PER01,0
695,PER01,14361
696,PER01,3710
697,PER01,9843
698,PER01,7775
699,PER01,6448
700,PER01,2415
701,PER01,0
702,PER01,17059
703,PER01,11376
704,PER01,16553
705,PER01,32239
706,PER01,36999
707,PER01,29874
708,PER01,19543
709,PER01,6247
710,PER01,5048
711,PER01,6003
712,PER01,-474
713,PER01,1286
714,PER01,13243
715,PER01,16207
716,PER01,16684
717,PER01,22003
718,PER01,42344
719,PER01,26474
720,PER01,6610
721,PER01,14245
722,PER01,2176
723,PER01,3207
724,PER01,4385
725,PER01,18989
726,PER01,9023
727,PER01,16891
728,PER01,3194
729,PER01,3873
730,PER01,22672
731,PER01,8863
732,PER01,37206
733,PER01,5040
734,PER01,657
735,PER01,25949
736,PER01,21062
737,PER01,24459
738,PER01,14331
739,PER01,2349
740,PER01,36492
741,PER01,40292
742,PER01,37820
743,PER01,36916
744,PER01,22789
745,PER01,7141
746,PER01,20408
747,PER01,15960
748,PER01,17268
749,PER01,12331
750,PER01,10142
751,PER01,659
752,PER01,2078
753,PER01,4138
754,PER01,17106
755,PER01,2505
756,PER01,3195
757,PER01,10543
758,PER01,9484
759,PER01,2247
760,PER01,5682
761,PER01,13530
762,PER01,2879
763,PER01,1574
764,PER01,4539
765,PER01,7046
766,PER01,5765
767,PER01,2594
768,PER01,1393
769,PER01,1606
770,PER01,1538
771,PER01,3670
772,PER01,7166
773,PER01,4027
774,PER01,4877
775,PER01,5012
776,PER01,4517
777,PER01,1512
778,PER01,10221
779,PER01,5994
780,PER01,4952
781,PER01,2998
782,PER01,2415
783,PER01,2161
784,PER01,4095
785,PER01,3281
786,PER01,9189
787,PER01,2432
788,PER01,4291
789,PER01,4876
790,PER01,5947
791,PER01,3681
792,PER01,4401
793,PER01,5874
794,PER01,2910
795,PER01,4056
796,PER01,701
797,PER01,1230
798,PER01,4264
799,PER01,11790
800,PER01,8984
801,PER01,1959
802,PER01,2648
803,PER01,2620
804,PER01,5126
805,PER01,4940
806,PER01,498
807,PER01,1116
808,PER01,5635
809,PER01,3625
810,PER01,1049
811,PER01,896
812,PER01,1300
813,PER01,3234
814,PER01,1800
815,PER01,1160
816,PER01,1489
817,PER01,3829
818,PER01,893
819,PER01,2652
820,PER01,5414
821,PER01,1316
822,PER01,1731
823,PER01,3300
824,PER01,1554
825,PER01,1229
826,PER01,340
827,PER01,826
828,PER01,1207
829,PER01,1620
830,PER01,452
831,PER01,1349
832,PER01,1497
833,PER01,514
834,PER01,11006
835,PER01,6935
836,PER01,6610
837,PER01,19251
838,PER01,16439
839,PER01,3979
840,PER01,5992
841,PER01,5687
842,PER01,18208
843,PER01,59002
844,PER01,71702
845,PER01,61902
846,PER01,57712
847,PER01,48829
848,PER01,22947
849,PER01,68
850,PER01,13296
851,PER01,4946
852,PER01,5638
853,PER01,1224
854,PER01,1543
855,PER01,4931
856,PER01,4599
857,PER01,8313
858,PER01,3798
859,PER01,2717
860,PER01,5020
861,PER01,3692
862,PER01,1399
863,PER01,4215
864,PER01,2927
865,PER01,12516
866,PER01,14892
867,PER01,6085
868,PER01,0
869,PER01,4349
870,PER01,4456
871,PER01,6709
872,PER01,14504
873,PER01,7927
874,PER01,3757
875,PER01,4643
876,PER01,2122
877,PER01,3560
878,PER01,10273
879,PER01,5112
880,PER01,8131
881,PER01,6409
882,PER01,0
883,PER01,0
884,PER01,0
885,PER01,6765
886,PER01,8779
887,PER01,20789
888,PER01,7065
889,PER01,24687
890,PER01,21064
891,PER01,31716
892,PER01,5625
893,PER01,11636
894,PER01,31261
895,PER01,17637
896,PER01,16482
897,PER01,5609
898,PER01,4913
899,PER01,3781
900,PER01,166
901,PER01,1506
902,PER01,3708
903,PER01,4316
904,PER01,4494
905,PER01,1583
906,PER01,4392
907,PER01,9085
908,PER01,14959
909,PER01,2709
910,PER01,1358
911,PER01,8891
912,PER01,-1379
913,PER01,-2086
914,PER01,13489
915,PER01,27945
916,PER01,19168
917,PER01,24279
918,PER01,973
919,PER01,2938
920,PER01,30592
921,PER01,-717
922,PER01,2995
923,PER01,23063
924,PER01,18656
925,PER01,13501
926,PER01,15675
927,PER01,8900
928,PER01,4856
929,PER01,11418
930,PER01,3795
931,PER01,369
932,PER01,2037
933,PER01,6093
934,PER01,8852
935,PER01,15143
936,PER01,3398
937,PER01,7155
938,PER01,7199
939,PER01,2719
940,PER01,5236
941,PER01,588
942,PER01,1427
943,PER01,351
944,PER01,645
945,PER01,292
946,PER01,487
947,PER01,675
948,PER01,206
949,PER01,557
950,PER01,392
951,PER01,3695
952,PER01,813
953,PER01,341
954,PER01,745
955,PER01,395
956,PER01,1189
957,PER01,4229
958,PER01,4825
959,PER01,3254
960,PER01,14227
961,PER01,15586
962,PER01,10736
963,PER01,9826
964,PER01,4148
965,PER01,70164
966,PER01,75988
967,PER01,53231
968,PER01,13642
969,PER01,20769
970,PER01,19371
971,PER01,61638
972,PER01,20138
973,PER01,8271
974,PER01,0
975,PER01,32117
976,PER01,24563
977,PER01,15510
978,PER01,37355
979,PER01,19670
980,PER01,0
981,PER01,17112
982,PER01,1773
983,PER01,2022
984,PER01,10738
985,PER01,22476
986,PER01,6013
987,PER01,32658
988,PER01,7008
989,PER01,22379
990,PER01,24217
991,PER01,27462
992,PER01,15507
993,PER01,7437
994,PER01,26060
995,PER01,8010
996,PER01,10466
997,PER01,9811
998,PER01,4823
999,PER01,2595
1000,PER01,2701
1001,PER01,214
1002,PER01,325
1003,PER01,10242
1004,PER01,13584
1005,PER01,7701
1006,PER01,9633
1007,PER01,3347
1008,PER01,4130
1009,PER01,8795
1010,PER01,1094
1011,PER01,7243
1012,PER01,9112
1013,PER01,3355
1014,PER01,4444
1015,PER01,3836
1016,PER01,3566
1017,PER01,7949
1018,PER01,6178
1019,PER01,5056
1020,PER01,1312
1021,PER01,1495
1022,PER01,2289
1023,PER01,954
1024,PER01,2870
1025,PER01,2856
1026,PER01,9793
1027,PER01,20248
1028,PER01,3268
1029,PER01,3531
1030,PER01,1925
1031,PER01,1797
1032,PER01,4584
1033,PER01,4901
1034,PER01,4649
1035,PER01,8602
1036,PER01,16123
1037,PER01,8218
1038,PER01,29315
1039,PER01,6663
1040,PER01,1658
1041,PER01,3439
1042,PER01,5102
1043,PER01,2443
1044,PER01,14097
1045,PER01,14181
1046,PER01,5359
1047,PER01,766
1048,PER01,8908
1049,PER01,0
1050,PER01,8028
1051,PER01,24059
1052,PER01,6294
1053,PER01,3906
1054,PER01,12453
1055,PER01,3505
1056,PER01,9953
1057,PER01,2423
1058,PER01,4421
1059,PER01,0
1060,PER01,8271
1061,PER01,16962
1062,PER01,24524
1063,PER01,11076
1064,PER01,15118
1065,PER01,33370
1066,PER01,13403
1067,PER01,6560
1068,PER01,15337
1069,PER01,26455
1070,PER01,14436
1071,PER01,2999
1072,PER01,16324
1073,PER01,12750
1074,PER01,2656
1075,PER01,18624
1076,PER01,17491
1077,PER01,12999
1078,PER01,29941
1079,PER01,6784
1080,PER01,36600
1081,PER01,5959
1082,PER01,14192
1083,PER01,17087
1084,PER01,47337
1085,PER01,54963
1086,PER01,40759
1087,PER01,128860
1088,PER01,38415
1089,PER01,75878
1090,PER01,52264
1091,PER01,26022
1092,PER01,17108
1093,PER01,4861
1094,PER01,6482
1095,PER01,18791
1096,PER01,38575
1097,PER01,19812
1098,PER01,33057
1099,PER01,56535
1100,PER01,86098
1101,PER01,92626
1102,PER01,98885
1103,PER01,116537
1104,PER01,73580
1105,PER01,43083
1106,PER01,163920
1107,PER01,208232
1108,PER01,450275
1109,PER01,187003
1110,PER01,39025
1111,PER01,17805
1112,PER01,20951
1113,PER01,4935
1114,PER01,3391
1115,PER01,2504
1116,PER01,3885
1117,PER01,9920
1118,PER01,3214
1119,PER01,15527
1120,PER01,8224
1121,PER01,3176
1122,PER01,7515
1123,PER01,7309
1124,PER01,12795
1125,PER01,2289
1126,PER01,3287
1127,PER01,18574
1128,PER01,39712
1129,PER01,10315
1130,PER01,7530
1131,PER01,4503
1132,PER01,4556
1133,PER01,4255
1134,PER01,3784
1135,PER01,4951
1136,PER01,10965
1137,PER01,0
1138,PER01,8897
1139,PER01,3868
1140,PER01,12119
1141,PER01,33407
1142,PER01,22773
1143,PER01,12542
1144,PER01,8657
1145,PER01,5054
1146,PER01,4353
1147,PER01,5703
1148,PER01,4156
1149,PER01,1579
1150,PER01,1936
1151,PER01,1105
1152,PER01,34257
1153,PER01,12626
1154,PER01,8403
1155,PER01,4520
1156,PER01,7392
1157,PER01,3522
1158,PER01,5394
1159,PER01,1518
1160,PER01,3175
1161,PER01,5145
1162,PER01,3529
1163,PER01,2985
1164,PER01,5475
1165,PER01,6129
1166,PER01,2596
1167,PER01,11165
1168,PER01,9597
1169,PER01,13049
1170,PER01,11681
1171,PER01,14720
1172,PER01,10272
1173,PER01,12020
1174,PER01,8907
1175,PER01,0
1176,PER01,3855
1177,PER01,5960
1178,PER01,3262
1179,PER01,5731
1180,PER01,4555
1181,PER01,6305
1182,PER01,1273
1183,PER01,1915
1184,PER01,960
1185,PER01,2618
1186,PER01,3416
1187,PER01,7796
1188,PER01,2458
1189,PER01,2787
1190,PER01,1443
1191,PER01,4745
1192,PER01,7486
1193,PER01,1195
1194,PER01,984
1195,PER01,1748
1196,PER01,3891
1197,PER01,0
1198,PER01,0
1199,PER01,8024
1200,PER01,7164
1201,PER01,3732
1202,PER01,6154
1203,PER01,4537
1204,PER01,2473
1205,PER01,5744
1206,PER01,4664
1207,PER01,1272
1208,PER01,2636
1209,PER01,7431
1210,PER01,0
1211,PER01,3610
1212,PER01,6802
1213,PER01,5432
1214,PER01,3099
1215,PER01,7031
1216,PER01,11906
1217,PER01,10483
1218,PER01,8632
1219,PER01,22107
1220,PER01,10607
1221,PER01,33782
1222,PER01,7319
1223,PER01,10063
1224,PER01,3217
1225,PER01,5950
1226,PER01,10791
1227,PER01,2884
1228,PER01,12289
1229,PER01,4938
1230,PER01,3635
1231,PER01,7146
1232,PER01,3017
1233,PER01,4963
1234,PER01,4501
1235,PER01,1661
1236,PER01,3992
1237,PER01,2620
1238,PER01,3604
1239,PER01,343
1240,PER01,8305
1241,PER01,6743
1242,PER01,4089
1243,PER01,3989
1244,PER01,2150
1245,PER01,2866
1246,PER01,4245
1247,PER01,5332
1248,PER01,1820
1249,PER01,2454
1250,PER01,2331
1251,PER01,2076
1252,PER01,4610
1253,PER01,2059
1254,PER01,190
1255,PER01,780
1256,PER01,168
1257,PER01,218
1258,PER01,1217
1259,PER01,641
1260,PER01,1192
1261,PER01,0
1262,PER01,0
1263,PER01,0
1264,PER01,2299
1265,PER01,7871
1266,PER01,4386
1267,PER01,0
1268,PER01,0
1269,PER01,0
1270,PER01,0
1271,PER01,570
1272,PER01,566
1273,PER01,276
1274,PER01,1039
1275,PER01,42
1276,PER01,186
1277,PER01,3764
1278,PER01,5349
1279,PER01,0
1280,PER01,0
1281,PER01,0
1282,PER01,3725
1283,PER01,1561
1284,PER01,4479
1285,PER01,0
1286,PER01,1542
1287,PER01,2814
1288,PER01,9375
1289,PER01,5678
1290,PER01,4989
1291,PER01,0
1292,PER01,3845
1293,PER01,2251
1294,PER01,3535
1295,PER01,2909
1296,PER01,0
1297,PER01,3744
1298,PER01,5824
1299,PER01,1429
1300,PER01,3180
1301,PER01,2534
1302,PER01,1040
1303,PER01,869
1304,PER01,4036
1305,PER01,745
1306,PER01,1396
1307,PER01,2587
1308,PER01,1659
1309,PER01,2029
1310,PER01,3067
1311,PER01,1201
1312,PER01,4634
1313,PER01,1977
1314,PER01,3687
1315,PER01,3028
1316,PER01,3095
1317,PER01,2572
1318,PER01,3012
1319,PER01,2280
1320,PER01,3279
1321,PER01,3706
1322,PER01,3069
1323,PER01,575
1324,PER01,0
1325,PER01,3307
1326,PER01,3691
1327,PER01,2803
1328,PER01,2267
1329,PER01,2422
1330,PER01,3190
1331,PER01,1547
1332,PER01,1961
1333,PER01,2025
1334,PER01,2419
1335,PER01,3887
1336,PER01,492
1337,PER01,472
1338,PER01,1831
1339,PER01,1733
1340,PER01,928
1341,PER01,3030
1342,PER01,2518
1343,PER01,1099
1344,PER01,2916
1345,PER01,2260
1346,PER01,843
1347,PER01,184
1348,PER01,0
1349,PER01,113
1350,PER01,2992
1351,PER01,3245
1352,PER01,3322
1353,PER01,3288
1354,PER01,1696
1355,PER01,2427
1356,PER01,362
1357,PER01,1697
1358,PER01,951
1359,PER01,4996
1360,PER01,9336
1361,PER01,2148
1362,PER01,3886
1363,PER01,4448
1364,PER01,4157
1365,PER01,3551
1366,PER01,7382
1367,PER01,4804
1368,PER01,12532
1369,PER01,11101
1370,PER01,12525
1371,PER01,10350
1372,PER01,11607
1373,PER01,3325
1374,PER01,623
1375,PER01,395
1376,PER01,721
1377,PER01,589
1378,PER01,811
1379,PER01,79
1380,PER01,294
1381,PER01,956
1382,PER01,3144
1383,PER01,1702
1384,PER01,1711
1385,PER01,4669
1386,PER01,4213
1387,PER01,69
1388,PER01,103
1389,PER01,243
1390,PER01,81
1391,PER01,284
1392,PER01,5927
1393,PER01,2893
1394,PER01,2262
1395,PER01,1316
1396,PER01,2797
1397,PER01,4143
1398,PER01,1849
1399,PER01,3871
1400,PER01,3832
1401,PER01,4377
1402,PER01,3169
1403,PER01,1941
1404,PER01,1925
1405,PER01,262
1406,PER01,3152
1407,PER01,5173
1408,PER01,219
1409,PER01,28
1410,PER01,337
1411,PER01,635
1412,PER01,420
1413,PER01,254
1414,PER01,294
1415,PER01,2039
1416,PER01,1922
1417,PER01,3327
1418,PER01,2242
1419,PER01,2014
1420,PER01,1332
1421,PER01,1928
1422,PER01,1701
1423,PER01,1565
1424,PER01,1684
1425,PER01,1758
1426,PER01,5181
1427,PER01,4508
1428,PER01,18333
1429,PER01,38203
1430,PER01,3153
1431,PER01,8150
1432,PER01,37430
1433,PER01,4694
1434,PER01,6215
1435,PER01,930
1436,PER01,996
1437,PER01,207
1438,PER01,431
1439,PER01,295
1440,PER01,4923
1441,PER01,658
1442,PER01,906
1443,PER01,730
1444,PER01,394
1445,PER01,196
1446,PER01,317
1447,PER01,669
1448,PER01,297
1449,PER01,706
1450,PER01,5942
1451,PER01,101
1452,PER01,5515
1453,PER01,2681
1454,PER01,2207
1455,PER01,499
1456,PER01,2878
1457,PER01,515
1458,PER01,1083
1459,PER01,3200
1460,PER01,777
1461,PER01,1738
1462,PER01,1468
1463,PER01,6885
1464,PER01,1758
1465,PER01,5519
1466,PER01,5101
1467,PER01,7860
1468,PER01,3302
1469,PER01,1707
1470,PER01,3412
1471,PER01,1042
1472,PER01,6355
1473,PER01,1763
1474,PER01,4543
1475,PER01,6584
1476,PER01,9119
1477,PER01,5925
1478,PER01,6055
1479,PER01,9137
1480,PER01,4874
1481,PER01,3600
1482,PER01,11930
1483,PER01,2052
1484,PER01,296
1485,PER01,560
1486,PER01,421
1487,PER01,398
1488,PER01,0
1489,PER01,0
1490,PER01,354
1491,PER01,732
1492,PER01,814
1493,PER01,761
1494,PER01,448
1495,PER01,557
1496,PER01,100
1497,PER01,179
1498,PER01,491
1499,PER01,777
1500,PER01,971
1501,PER01,471
1502,PER01,107
1503,PER01,0
1504,PER01,677
1505,PER01,1044
1506,PER01,2664
1507,PER01,879
1508,PER01,0
1509,PER01,376
1510,PER01,629
1511,PER01,374
1512,PER01,121
1513,PER01,157
1514,PER01,232
1515,PER01,293
1516,PER01,171
1517,PER01,277
1518,PER01,533
1519,PER01,83
1520,PER01,408
1521,PER01,247
1522,PER01,105
1523,PER01,134
1524,PER01,226
1525,PER01,247
1526,PER01,257
1527,PER01,1114
1528,PER01,960
1529,PER01,1000
1530,PER01,413
1531,PER01,5867
1532,PER01,2690
1533,PER01,1355
1534,PER01,429
1535,PER01,225
1536,PER01,455
1537,PER01,86
1538,PER01,472
1539,PER01,413
1540,PER01,353
1541,PER01,561
1542,PER01,546
1543,PER01,171
1544,PER01,457
1545,PER01,839
1546,PER01,1763
1547,PER01,927
1548,PER01,491
1549,PER01,411
1550,PER01,218
1551,PER01,67
1552,PER01,359
1553,PER01,197
1554,PER01,70
1555,PER01,0
1556,PER01,0
1557,PER01,0
1558,PER01,1264
1559,PER01,1019
1560,PER01,2005
1561,PER01,2947
1562,PER01,713
1563,PER01,946
1564,PER01,363
1565,PER01,0
1566,PER01,0
1567,PER01,1087
1568,PER01,168
1569,PER01,407
1570,PER01,345
1571,PER01,276
1572,PER01,396
1573,PER01,469
1574,PER01,360
1575,PER01,492
1576,PER01,794
1577,PER01,477
1578,PER01,375
1579,PER01,153
1580,PER01,646
1581,PER01,782
1582,PER01,663
1583,PER01,903
1584,PER01,499
1585,PER01,451
1586,PER01,1059
1587,PER01,1295
1588,PER01,531
1589,PER01,128
1590,PER01,124
1591,PER01,487
1592,PER01,742
1593,PER01,344
1594,PER01,385
1595,PER01,138
1596,PER01,89
1597,PER01,724
1598,PER01,126
1599,PER01,124
1600,PER01,248
1601,PER01,223
1602,PER01,503
1603,PER01,789
1604,PER01,112
1605,PER01,337
1606,PER01,423
1607,PER01,410
1608,PER01,504
1609,PER01,684
1610,PER01,39
1611,PER01,111
1612,PER01,61
1613,PER01,99
1614,PER01,69
1615,PER01,-6
1616,PER01,-11
1617,PER01,-513
1618,PER01,-36
1619,PER01,126
1620,PER01,73
1621,PER01,31
1622,PER01,-106
1623,PER01,76
1624,PER01,636
1625,PER01,179
1626,PER01,48
1627,PER01,29
1628,PER01,-212
1629,PER01,-108
1630,PER01,-216
1631,PER01,12
1632,PER01,-33
1633,PER01,-40
1634,PER01,101
1635,PER01,-28
1636,PER01,0
1637,PER01,-57
1638,PER01,-29
1639,PER01,-78
1640,PER01,-225
1641,PER01,-125
1642,PER01,-249
1643,PER01,-318
1644,PER01,-100
1645,PER01,-790
1646,PER01,-125
1647,PER01,58
1648,PER01,42
1649,PER01,29
1650,PER01,81
1651,PER01,12
1652,PER01,-20
1653,PER01,-162
1654,PER01,-253
1655,PER01,-224
1656,PER01,-66
1657,PER01,-247
1658,PER01,-195
1659,PER01,-10
1660,PER01,-412
1661,PER01,0
1662,PER01,-259
1663,PER01,-508
1664,PER01,-136
1665,PER01,-189
1666,PER01,20
1667,PER01,-146
1668,PER01,-309
1669,PER01,-263
1670,PER01,-489
1671,PER01,-587
1672,PER01,-761
1673,PER01,-104
1674,PER01,-32
1675,PER01,-59
1676,PER01,-69
1677,PER01,-364
1678,PER01,-139
1679,PER01,-131
1680,PER01,21
1681,PER01,-396
1682,PER01,-326
1683,PER01,-64
1684,PER01,-125
1685,PER01,0
1686,PER01,-31
1687,PER01,-2
1688,PER01,34
1689,PER01,-61
1690,PER01,9
1691,PER01,38
1692,PER01,-122
1693,PER01,35
1694,PER01,106
1695,PER01,53
1696,PER01,178
1697,PER01,-5
1698,PER01,0
1699,PER01,0
1700,PER01,-80
1701,PER01,0
1702,PER01,-774
1703,PER01,0
1704,PER01,-289
1705,PER01,9
1706,PER01,206
1707,PER01,285
1708,PER01,6
1709,PER01,-96
1710,PER01,-8
1711,PER01,-351
1712,PER01,-26
1713,PER01,-202
1714,PER01,-130
1715,PER01,-275
1716,PER01,-314
1717,PER01,-141
1718,PER01,-40
1719,PER01,-113
1720,PER01,27
1721,PER01,-62
1722,PER01,-440
1723,PER01,-599
1724,PER01,-96
1725,PER01,-16
1726,PER01,-38
1727,PER01,43
1728,PER01,2
1729,PER01,-25
1730,PER01,-39
1731,PER01,-34
1732,PER01,-490
1733,PER01,-25
1734,PER01,-93
1735,PER01,-409
1736,PER01,119
1737,PER01,-207
1738,PER01,257
1739,PER01,-186
1740,PER01,49
1741,PER01,-124
1742,PER01,52
1743,PER01,29
1744,PER01,59
1745,PER01,18
1746,PER01,-277
1747,PER01,-54
1748,PER01,60
1749,PER01,-86
1750,PER01,0
1751,PER01,-28
1752,PER01,-320
1753,PER01,-393
1754,PER01,0
1755,PER01,-157
1756,PER01,-7
1757,PER01,-28
1758,PER01,-622
1759,PER01,-317
1760,PER01,-2
1761,PER01,14
1762,PER01,-369
1763,PER01,-177
1764,PER01,165
1765,PER01,155
1766,PER01,-2
1767,PER01,-73
1768,PER01,0
1769,PER01,-454
1770,PER01,20
1771,PER01,-565
1772,PER01,-310
1773,PER01,-79
1774,PER01,-187
1775,PER01,-62
1776,PER01,6
1777,PER01,0
1778,PER01,-96
1779,PER01,-376
1780,PER01,-72
1781,PER01,-32
1782,PER01,30
1783,PER01,17
1784,PER01,53
1785,PER01,13
1786,PER01,-43
1787,PER01,-15
1788,PER01,457
1789,PER01,-32
1790,PER01,34
1791,PER01,81
1792,PER01,210
1793,PER01,114
1794,PER01,-158
1795,PER01,35
1796,PER01,-327
1797,PER01,-236
1798,PER01,92
1799,PER01,571
1800,PER01,-28
1801,PER01,-4
1802,PER01,196
1803,PER01,-106
1804,PER01,87
1805,PER01,7
1806,PER01,-114
1807,PER01,-1
1808,PER01,-254
1809,PER01,3
1810,PER01,76
1811,PER01,-332
1812,PER01,-316
1813,PER01,-184
1814,PER01,-344
1815,PER01,-208
1816,PER01,-85
1817,PER01,3238
1818,PER01,-13
1819,PER01,6
1820,PER01,-122
1821,PER01,-39
1822,PER01,-364
1823,PER01,104
1824,PER01,-110
1825,PER01,21
1826,PER01,50
1827,PER01,64
1828,PER01,79
1829,PER01,44
1830,PER01,-679
1831,PER01,-288
1832,PER01,12
1833,PER01,45
1834,PER01,-141
1835,PER01,-145
1836,PER01,329
1837,PER01,188
1838,PER01,75
1839,PER01,58
1840,PER01,255
1841,PER01,442
1842,PER01,436
1843,PER01,117
1844,PER01,176
1845,PER01,352
1846,PER01,1010
1847,PER01,297
1848,PER01,144
1849,PER01,-38
1850,PER01,-277
1851,PER01,72
1852,PER01,-107
1853,PER01,-203
1854,PER01,-140
1855,PER01,-3
1856,PER01,-33
1857,PER01,-9
1858,PER01,61
1859,PER01,-375
1860,PER01,85
1861,PER01,85
1862,PER01,32
1863,PER01,171
1864,PER01,223
1865,PER01,193
1866,PER01,95
1867,PER01,862
1868,PER01,215
1869,PER01,835
1870,PER01,728
1871,PER01,1019
1872,PER01,829
1873,PER01,509
1874,PER01,999
1875,PER01,1143
1876,PER01,804
1877,PER01,669
1878,PER01,1198
1879,PER01,1299
1880,PER01,464
1881,PER01,359
1882,PER01,117
1883,PER01,226
1884,PER01,92
1885,PER01,29
1886,PER01,37
1887,PER01,-22
1888,PER01,-26
1889,PER01,-84
1890,PER01,-4
1891,PER01,52
1892,PER01,-185
1893,PER01,-167
1894,PER01,235
1895,PER01,-190
1896,PER01,-126
1897,PER01,-112
1898,PER01,23
1899,PER01,54
1900,PER01,-187
1901,PER01,37
1902,PER01,137
1903,PER01,167
1904,PER01,357
1905,PER01,1798
1906,PER01,240
1907,PER01,322
1908,PER01,158
1909,PER01,853
1910,PER01,349
1911,PER01,884
1912,PER01,279
1913,PER01,136
1914,PER01,109
1915,PER01,281
1916,PER01,-140
1917,PER01,-2
1918,PER01,-536
1919,PER01,-139
1920,PER01,-368
1921,PER01,-141
1922,PER01,226
1923,PER01,333
1924,PER01,1287
1925,PER01,1070
1926,PER01,2000
1927,PER01,1621
1928,PER01,2094
1929,PER01,2121
1930,PER01,616
1931,PER01,510
1932,PER01,1689
1933,PER01,823
1934,PER01,150
1935,PER01,129
1936,PER01,764
1937,PER01,110
1938,PER01,173
1939,PER01,-453
1940,PER01,501
1941,PER01,368
1942,PER01,107
1943,PER01,-283
1944,PER01,208
1945,PER01,46
1946,PER01,371
1947,PER01,-5
1948,PER01,-789
1949,PER01,-145
1950,PER01,-73
1951,PER01,-85
1952,PER01,-37
1953,PER01,-102
1954,PER01,-316
1955,PER01,-27
1956,PER01,-74
1957,PER01,-201
1958,PER01,-281
1959,PER01,-3
1960,PER01,375
1961,PER01,344
1962,PER01,58
1963,PER01,567
1964,PER01,-157
1965,PER01,-10
1966,PER01,-124
1967,PER01,91
1968,PER01,437
1969,PER01,188
1970,PER01,-1
1971,PER01,112
1972,PER01,-122
1973,PER01,36
1974,PER01,-159
1975,PER01,-42
1976,PER01,132
1977,PER01,173
1978,PER01,-26
1979,PER01,23
1980,PER01,22
1981,PER01,34
1982,PER01,-145
1983,PER01,30
1984,PER01,20
1985,PER01,-62
1986,PER01,-98
1987,PER01,27
1988,PER01,-30
1989,PER01,83
1990,PER01,39
1991,PER01,-39
1992,PER01,-43
1993,PER01,-33
1994,PER01,-71
1995,PER01,-108
1996,PER01,82
1997,PER01,106
1998,PER01,142
1999,PER01,-87
2000,PER01,44
2001,PER01,-301
2002,PER01,4
2003,PER01,258
2004,PER01,82
2005,PER01,-78
2006,PER01,2
2007,PER01,231
2008,PER01,122
2009,PER01,-11
2010,PER01,-41
2011,PER01,-11
2012,PER01,30
2013,PER01,15
2014,PER01,258
2015,PER01,289
2016,PER01,113
2017,PER01,215
2018,PER01,57
2019,PER01,248
2020,PER01,217
2021,PER01,-227
2022,PER01,161
2023,PER01,-10
2024,PER01,-69
2025,PER01,141
2026,PER01,91
2027,PER01,179
2028,PER01,17
2029,PER01,14
2030,PER01,128
2031,PER01,5
2032,PER01,143
2033,PER01,98
2034,PER01,110
2035,PER01,2
2036,PER01,75
2037,PER01,149
2038,PER01,16
2039,PER01,205
2040,PER01,165
2041,PER01,157
2042,PER01,152
2043,PER01,309
2044,PER01,45
2045,PER01,33
2046,PER01,55
2047,PER01,109
2048,PER01,98
2049,PER01,209
2050,PER01,42
2051,PER01,320
2052,PER01,175
2053,PER01,125
2054,PER01,230
2055,PER01,39
2056,PER01,32
2057,PER01,57
2058,PER01,88
2059,PER01,79
2060,PER01,180
2061,PER01,94
2062,PER01,148
2063,PER01,96
2064,PER01,-503
2065,PER01,61
2066,PER01,14
2067,PER01,42
2068,PER01,94
2069,PER01,-24
2070,PER01,172
2071,PER01,48
2072,PER01,-4
2073,PER01,22
2074,PER01,298
2075,PER01,112
2076,PER01,-69
2077,PER01,42
2078,PER01,-6
2079,PER01,10
2080,PER01,16
2081,PER01,657
2082,PER01,282
2083,PER01,574
2084,PER01,-106
2085,PER01,436
2086,PER01,439
2087,PER01,296
2088,PER01,151
2089,PER01,121
2090,PER01,12
2091,PER01,146
2092,PER01,77
2093,PER01,155
2094,PER01,25
2095,PER01,173
2096,PER01,208
2097,PER01,207
2098,PER01,435
2099,PER01,279
2100,PER01,532
2101,PER01,254
2102,PER01,503
2103,PER01,133
2104,PER01,67
2105,PER01,229
2106,PER01,639
2107,PER01,221
2108,PER01,5
2109,PER01,398
2110,PER01,40
2111,PER01,146
2112,PER01,94
2113,PER01,94
2114,PER01,294
2115,PER01,160
2116,PER01,-15
2117,PER01,-506
2118,PER01,421
2119,PER01,9
2120,PER01,-30
2121,PER01,44
2122,PER01,33
2123,PER01,9
2124,PER01,47
2125,PER01,-258
2126,PER01,23
2127,PER01,264
2128,PER01,46
2129,PER01,-565
2130,PER01,146
2131,PER01,-235
2132,PER01,464
2133,PER01,-2533
2134,PER01,106
2135,PER01,226
2136,PER01,217
2137,PER01,169
2138,PER01,272
2139,PER01,116
2140,PER01,174
2141,PER01,381
2142,PER01,172
2143,PER01,387
2144,PER01,273
2145,PER01,175
2146,PER01,50
2147,PER01,132
2148,PER01,0
2149,PER01,0
2150,PER01,0
2151,PER01,0
2152,PER01,0
2153,PER01,0
2154,PER01,0
2155,PER01,0
2156,PER01,0
2157,PER01,0
2158,PER01,0
2159,PER01,0
2160,PER01,0
2161,PER01,0
2162,PER01,0
